Object type;Object class;Region;Sector;Star name;System;Planet;X;Y;Z;Planet link;Region link;Sector link;System link;Grid;technicalId
Star;;Inner Rim;Adari Sector;;Adari system;Adari;169.804;77.983;;http://starwars.wikia.com/wiki/Adari;http://starwars.wikia.com/wiki/Inner_Rim;https://starwars.fandom.com/wiki/Adari_sector;https://starwars.fandom.com/wiki/Adari_system;M-9;1240
Star;;Inner Rim;Adari Sector;;Adim system ;Adim;?;?;;https://starwars.fandom.com/wiki/Adim;https://starwars.fandom.com/wiki/Inner_Rim;https://starwars.fandom.com/wiki/Adari_sector;https://starwars.fandom.com/wiki/Adim_system;M-9;2190
Star;;Inner Rim, Trailing Sectors;;;Affa system;Affa;153.058;-391.937;;http://starwars.wikia.com/wiki/Affa;http://starwars.wikia.com/wiki/Inner_Rim, https://starwars.fandom.com/wiki/Trailing_Sectors/Legends;;https://starwars.fandom.com/wiki/Affa_system;M-13;1246
Star;;Inner Rim, The Slice;;;Ailon system;Ailon;258.791;-243.507;;http://starwars.wikia.com/wiki/Ailon;http://starwars.wikia.com/wiki/Inner_Rim, https://starwars.fandom.com/wiki/The_Slice/Legends;;https://starwars.fandom.com/wiki/Ailon_system;N-12;1288
Star;;Inner Rim, Trailing Sectors;;;Aldereen system;Aldereen;162.017;-450.992;;https://starwars.fandom.com/wiki/Aldereen_system;http://starwars.wikia.com/wiki/Inner_Rim, https://starwars.fandom.com/wiki/Trailing_Sectors/Legends;;https://starwars.fandom.com/wiki/Aldereen_system;M-14;2216
Star;;Inner Rim;;;Aleen system/Aleen Minor system;Aleen Minor;169.447;-377.296;;https://starwars.fandom.com/wiki/Aleen_Minor;http://starwars.wikia.com/wiki/Inner_Rim;;https://starwars.fandom.com/wiki/Aleen_system, https://starwars.fandom.com/wiki/Aleen_Minor_system;M-13;2218
Star;;Inner Rim, The Slice;Hapes Cluster, Rifle Worlds;;Algnadesh system;Algnadesh;343.338;54.286;;http://starwars.wikia.com/wiki/Algnadesh;http://starwars.wikia.com/wiki/Inner_Rim, https://starwars.fandom.com/wiki/The_Slice/Legends;https://starwars.fandom.com/wiki/Hapes_Cluster, https://starwars.fandom.com/wiki/Rifle_Worlds;https://starwars.fandom.com/wiki/Algnadesh_system;O-9;1327
Star;// Yellow star;Inner Rim, The Slice;Stenness Node, Airon sector;Amber;Ambria system;Ambria;370.708;-14.22;;http://starwars.wikia.com/wiki/Ambria;http://starwars.wikia.com/wiki/Inner_Rim, https://starwars.fandom.com/wiki/The_Slice/Legends;https://starwars.fandom.com/wiki/Stenness_Node, https://starwars.fandom.com/wiki/Airon_sector;https://starwars.fandom.com/wiki/Ambria_system;O-10;1478
Star;;Inner Rim, The Slice;Hapes Cluster, Lorelli Reach;;Andalia system ;Andalia;334.631;46.14;;http://starwars.wikia.com/wiki/Andalia;http://starwars.wikia.com/wiki/Inner_Rim, https://starwars.fandom.com/wiki/The_Slice/Legends;https://starwars.fandom.com/wiki/Hapes_Cluster, https://starwars.fandom.com/wiki/Lorelli_Reach;https://starwars.fandom.com/wiki/Andalia_system;O-9;1314
Star;// red-gold orb at sunset;Inner Rim, Northern Dependencies;;Aphran;Aphran system;Aphran IV;-97.93;147.191;;https://starwars.fandom.com/wiki/Aphran_IV;http://starwars.wikia.com/wiki/Inner_Rim,https://starwars.fandom.com/wiki/Northern_Dependencies;;https://starwars.fandom.com/wiki/Aphran_system;K-8;1192
Star;;Inner Rim;Hapes Cluster;;Arabanth system;Arabanth;350.317;54.219;;http://starwars.wikia.com/wiki/Arabanth;http://starwars.wikia.com/wiki/Inner_Rim;https://starwars.fandom.com/wiki/Hapes_Cluster;https://starwars.fandom.com/wiki/Arabanth_system;O-9;1362
Star;;Inner Rim;Hapes Cluster;;Archais system;Archais;348.242;51.976;;http://starwars.wikia.com/wiki/Archais;http://starwars.wikia.com/wiki/Inner_Rim;https://starwars.fandom.com/wiki/Hapes_Cluster;https://starwars.fandom.com/wiki/Archais_system;O-9;1355
Star;;Inner Rim;;;Arkam system ;Arkam;140.112;-472.479;;http://starwars.wikia.com/wiki/Arkam_system;http://starwars.wikia.com/wiki/Inner_Rim;;https://starwars.fandom.com/wiki/Arkam_system;M-14;1253
Star;;Inner Rim;;;Asrat system ;Asrat;271.944;156.706;;http://starwars.wikia.com/wiki/Asrat;http://starwars.wikia.com/wiki/Inner_Rim;;https://starwars.fandom.com/wiki/Asrat_system;N-8;1266
Star;;Inner Rim;;;Atapap system;Atapap I;255.554;-249.333;;http://starwars.wikia.com/wiki/Atapap_I;http://starwars.wikia.com/wiki/Inner_Rim;;https://starwars.fandom.com/wiki/Atapap_system;N-12;1289
Star;;Inner Rim;;Atrig ;Atrig system;Korbin, Abatrarg;-108.727;-408.181;;http://starwars.wikia.com/wiki/Korbin, https://starwars.fandom.com/wiki/Abatrarg;http://starwars.wikia.com/wiki/Inner_Rim;;https://starwars.fandom.com/wiki/Atrig_system;J-14;1189
Star;;Inner Rim;;Atzerri;Atzerri system;Atzerri;189.4;-394.434;;http://starwars.wikia.com/wiki/Atzerri;http://starwars.wikia.com/wiki/Inner_Rim;;https://starwars.fandom.com/wiki/Atzerri_system;M-13;1244
Star;;Inner Rim;Airon sector, Stenness Node;;Aweris system;Taboon;368.951;-23.097;;http://starwars.wikia.com/wiki/Taboon;http://starwars.wikia.com/wiki/Inner_Rim;https://starwars.fandom.com/wiki/Airon_sector, https://starwars.fandom.com/wiki/Stenness_Node;https://starwars.fandom.com/wiki/Aweris_system;O-10;1479
Star;;Inner Rim;Kiffu sector;Kiffu's sun ;Azurbani system;Kiffu;28.038;-431.329;;http://starwars.wikia.com/wiki/Kiffu;http://starwars.wikia.com/wiki/Inner_Rim;https://starwars.fandom.com/wiki/Kiffu_sector;https://starwars.fandom.com/wiki/Azurbani_system;L-14;1219
Star;;Inner Rim;;;Babbadod system;Babbadod;234.063;-406.085;;http://starwars.wikia.com/wiki/Babbadod;http://starwars.wikia.com/wiki/Inner_Rim;;https://starwars.fandom.com/wiki/Babbadod_system;N-14;1300
Star;;Inner Rim, The Slice;Hapes Cluster, Interior Region;;Baldavia system ;Baldavia;346.902;54.812;;https://starwars.fandom.com/wiki/Baldavia_system;http://starwars.wikia.com/wiki/Inner_Rim, https://starwars.fandom.com/wiki/The_Slice/Legends;https://starwars.fandom.com/wiki/Hapes_Cluster,https://starwars.fandom.com/wiki/Interior_Region;https://starwars.fandom.com/wiki/Baldavia_system;O-9;1351
Star;;Inner Rim;Marcol sector ;;Barlok system;Barlok;45.608;132.532;;http://starwars.wikia.com/wiki/Barlok;http://starwars.wikia.com/wiki/Inner_Rim;https://starwars.fandom.com/wiki/Marcol_sector;https://starwars.fandom.com/wiki/Barlok_system;L-8;1204
Star;;Inner Rim, The Slice;Airon Sector;;Beckoning Call Starr system;Beckoning Call Starr 3;322.086;-14.678;;https://starwars.fandom.com/wiki/Beckoning_Call_Starr_3;http://starwars.wikia.com/wiki/Inner_Rim, https://starwars.fandom.com/wiki/The_Slice/Legends;https://starwars.fandom.com/wiki/Airon_sector;https://starwars.fandom.com/wiki/Beckoning_Call_Starr_system;O-10;2379
Star;;Inner Rim;Six Local Systems;;Beltrix system;Beltrix III;115.145;-436.415;;http://starwars.wikia.com/wiki/Beltrix_III;http://starwars.wikia.com/wiki/Inner_Rim;https://starwars.fandom.com/wiki/Six_Local_Systems;https://starwars.fandom.com/wiki/Beltrix_system;M-14;1255
Star;;Inner Rim;;;Bengat system;Bengat;-110.534;157.219;;http://starwars.wikia.com/wiki/Bengat;http://starwars.wikia.com/wiki/Inner_Rim;;https://starwars.fandom.com/wiki/Bengat_system;J-8;1181
Star;;Inner Rim;Anthos Sector;;Berchest system;Berchest;209.844;127.455;;http://starwars.wikia.com/wiki/Berchest;http://starwars.wikia.com/wiki/Inner_Rim;https://starwars.fandom.com/wiki/Anthos_sector;https://starwars.fandom.com/wiki/Berchest_system;N-8;1270
Star;;Inner Rim;;;Berri system ;Berri;224.362;66.331;;http://starwars.wikia.com/wiki/Berri;http://starwars.wikia.com/wiki/Inner_Rim;;https://starwars.fandom.com/wiki/Berri_system;N-9;1274
Star;;Inner Rim;Bestine system;Bestine;Bestine system;Bestine IV;105.991;-410.801;;https://starwars.fandom.com/wiki/Bestine_IV;http://starwars.wikia.com/wiki/Inner_Rim;;https://starwars.fandom.com/wiki/Bestine_system/Legends;M-14;1256
Star;;Inner Rim;;;Bilbringi system ;Bilbringi;-121.384;161.274;;http://starwars.wikia.com/wiki/Bilbringi;http://starwars.wikia.com/wiki/Inner_Rim;;https://starwars.fandom.com/wiki/Bilbringi_system;J-8;1182
Star;G1 V;Inner Rim;;;Bogden system;Bogden;105.345;175.942;;http://starwars.wikia.com/wiki/Bogden;http://starwars.wikia.com/wiki/Inner_Rim;;https://starwars.fandom.com/wiki/Bogden_system;M-8;1229
Star;;Inner Rim;;;Borao system ;Borao;174.512;-460.088;;http://starwars.wikia.com/wiki/Borao;http://starwars.wikia.com/wiki/Inner_Rim;;https://starwars.fandom.com/wiki/Borao_system;M-14;1250
Star;;Inner Rim;Hapes Cluster;;Calfa system;Calfa-5;356.104;47.04;;https://starwars.fandom.com/wiki/Calfa-5;http://starwars.wikia.com/wiki/Inner_Rim;https://starwars.fandom.com/wiki/Hapes_Cluster;https://starwars.fandom.com/wiki/Calfa_system;O-9;1336
Star;;Inner Rim;;;Calus system;Calus;68.17;-525.835;;http://starwars.wikia.com/wiki/Calus;http://starwars.wikia.com/wiki/Inner_Rim;;https://starwars.fandom.com/wiki/Calus_system;L-15;1226
Star;;Inner Rim;Nouane Sector;;Carest system;Carest;293.582;188.146;;http://starwars.wikia.com/wiki/Carest_1;http://starwars.wikia.com/wiki/Inner_Rim;https://starwars.fandom.com/wiki/Nouane_sector;https://starwars.fandom.com/wiki/Carest_system;N-8;1264
Star;;Inner Rim, The Slice;Hapes Cluster, Interior Region;;Carlania system ;Carlania;350.049;55.236;;http://starwars.wikia.com/wiki/Carlania;http://starwars.wikia.com/wiki/Inner_Rim, https://starwars.fandom.com/wiki/The_Slice/Legends;https://starwars.fandom.com/wiki/Hapes_Cluster,https://starwars.fandom.com/wiki/Interior_Region;https://starwars.fandom.com/wiki/Carlania_system;O-9;1363
Star;;Inner Rim;;Champala's star;Chagri system;Champala;71.373;129.307;;http://starwars.wikia.com/wiki/Champala;http://starwars.wikia.com/wiki/Inner_Rim;;https://starwars.fandom.com/wiki/Chagri_system;L-8;1208
Star;;Inner Rim;;;Chardaan system;Chardaan;233.868;-399.16;;http://starwars.wikia.com/wiki/Chardaan;http://starwars.wikia.com/wiki/Inner_Rim;;https://starwars.fandom.com/wiki/Chardaan_system/Legends;N-13;1299
Star;;Inner Rim, Transitory Mists;Hapes Cluster;;Charubah system;Charubah;339.898;57.267;;http://starwars.wikia.com/wiki/Charubah;http://starwars.wikia.com/wiki/Inner_Rim, https://starwars.fandom.com/wiki/Transitory_Mists;https://starwars.fandom.com/wiki/Hapes_Cluster;https://starwars.fandom.com/wiki/Charubah_system;O-9;1322
Star;// White star;Inner Rim;Orus sector;Chazwa;Chazwa system;Chazwa;199.857;106.001;;http://starwars.wikia.com/wiki/Chazwa;http://starwars.wikia.com/wiki/Inner_Rim;https://starwars.fandom.com/wiki/Orus_sector;https://starwars.fandom.com/wiki/Chazwa_system;M-8;1237
Star;;Inner Rim, The Slice;Hapes Cluster, Rifle Worlds;;Cheruba system ;Cheruba;342.809;56.985;;http://starwars.wikia.com/wiki/Cheruba;http://starwars.wikia.com/wiki/Inner_Rim, https://starwars.fandom.com/wiki/The_Slice/Legends;https://starwars.fandom.com/wiki/Hapes_Cluster, https://starwars.fandom.com/wiki/Rifle_Worlds;https://starwars.fandom.com/wiki/Cheruba_system;O-9;1323
Star;;Inner Rim;Hapes Cluster;;Chosper system ;Chosper;339.499;41.113;;http://starwars.wikia.com/wiki/Chosper;http://starwars.wikia.com/wiki/Inner_Rim;https://starwars.fandom.com/wiki/Hapes_Cluster;https://starwars.fandom.com/wiki/Chosper_system;O-9;1313
Star;;Inner Rim;;Colla;Colla system;Colla IV;242.394;93.055;;http://starwars.wikia.com/wiki/Colla_IV;http://starwars.wikia.com/wiki/Inner_Rim;;https://starwars.fandom.com/wiki/Colla_system;N-9;1272
Star;;Inner Rim;Nouane Sector;;Comkin system;Comkin V;212.208;216.997;;http://starwars.wikia.com/wiki/Comkin_V;http://starwars.wikia.com/wiki/Inner_Rim;https://starwars.fandom.com/wiki/Nouane_sector;https://starwars.fandom.com/wiki/Comkin_system;N-7;1258
Star;;Inner Rim, The Slice;Neshig sector;;Corvanni system;Corvanni IV;231.539;16.203;;http://starwars.wikia.com/wiki/Corvanni_IV;http://starwars.wikia.com/wiki/Inner_Rim, https://starwars.fandom.com/wiki/The_Slice/Legends;https://starwars.fandom.com/wiki/Neshig_sector;https://starwars.fandom.com/wiki/Corvanni_system;N-9;1278
Star;;Inner Rim;;;Dagary Minor system;Dagary Minor;193.928;182.94;;http://starwars.wikia.com/wiki/Dagary_Minor;http://starwars.wikia.com/wiki/Inner_Rim;;https://starwars.fandom.com/wiki/Dagary_Minor_system;M-8;1236
Star;;Inner Rim;;;Dalastine system ;Dalastine;41.798;-492.069;;https://starwars.fandom.com/wiki/Dalastine;http://starwars.wikia.com/wiki/Inner_Rim;;https://starwars.fandom.com/wiki/Dalastine_system;L-14;2611
Star;;Inner Rim;Anthos Sector;;Dalcretti system ;Dalcretti;313.227;117.375;;;http://starwars.wikia.com/wiki/Inner_Rim;https://starwars.fandom.com/wiki/Anthos_sector;http://starwars.wikia.com/wiki/Dalcretti_system;O-8;1308
Star;;Inner Rim;Airon Sector;;Damualer Triac system ;Damualer Triac;316.962;-63.988;;https://starwars.fandom.com/wiki/Damualer_Triac;http://starwars.wikia.com/wiki/Inner_Rim;https://starwars.fandom.com/wiki/Airon_sector;https://starwars.fandom.com/wiki/Damualer_Triac_system;O-10;2619
Star;;Inner Rim;;;Dancreti system ;Dancreti;217.677;-457.452;;https://starwars.fandom.com/wiki/Dancreti;http://starwars.wikia.com/wiki/Inner_Rim;;https://starwars.fandom.com/wiki/Dancreti_system;N-14;2624
Star;;Inner Rim;Airon Sector;;Dartessex system;Dartessex IV;258.328;-45.526;;http://starwars.wikia.com/wiki/Dartessex_IV;http://starwars.wikia.com/wiki/Inner_Rim;https://starwars.fandom.com/wiki/Airon_sector;https://starwars.fandom.com/wiki/Dartessex_system;N-10;1284
Star;;Inner Rim, The Slice;Hapes Cluster, Lorelli Reach;;Daruvvia system;Daruvvia;336.247;50.582;;http://starwars.wikia.com/wiki/Daruvvia;http://starwars.wikia.com/wiki/Inner_Rim, https://starwars.fandom.com/wiki/The_Slice/Legends;https://starwars.fandom.com/wiki/Hapes_Cluster, https://starwars.fandom.com/wiki/Lorelli_Reach;https://starwars.fandom.com/wiki/Daruvvia_system;O-9;1316
Star;;Inner Rim;;Datar system's sun;Datar system ;Datar;55.895;162.569;;http://starwars.wikia.com/wiki/Datar;http://starwars.wikia.com/wiki/Inner_Rim;;https://starwars.fandom.com/wiki/Datar_system;L-8;1202
Star;;Inner Rim;Iseno sector;;Denon system;Denon;227.905;-316.559;;http://starwars.wikia.com/wiki/Denon;http://starwars.wikia.com/wiki/Inner_Rim;https://starwars.fandom.com/wiki/Iseno_sector;https://starwars.fandom.com/wiki/Denon/Legends;N-13;1292
Star;;Inner Rim, The Slice;Hapes Cluster, Rifle Worlds;;Divora system;Divora;341.609;53.704;;http://starwars.wikia.com/wiki/Divora;http://starwars.wikia.com/wiki/Inner_Rim, https://starwars.fandom.com/wiki/The_Slice/Legends;https://starwars.fandom.com/wiki/Hapes_Cluster, https://starwars.fandom.com/wiki/Rifle_Worlds;https://starwars.fandom.com/wiki/Divora_system;O-9;1326
Star;;Inner Rim;Bamula sector;;Donadus system;Donadus;-157.799;-382.659;;http://starwars.wikia.com/wiki/Donadus;http://starwars.wikia.com/wiki/Inner_Rim;https://starwars.fandom.com/wiki/Bamula_sector;https://starwars.fandom.com/wiki/Donadus_system;J-13;1184
Star;F4 V;Inner Rim;;;Drearia system ;Drearia;79.387;142.499;;http://starwars.wikia.com/wiki/Drearia;http://starwars.wikia.com/wiki/Inner_Rim;;https://starwars.fandom.com/wiki/Drearia_system;L-8;1207
Star;;Inner Rim, Transitory Mists;Hapes Cluster;;Dreena system;Dreena;358.468;49.333;;http://starwars.wikia.com/wiki/Dreena;http://starwars.wikia.com/wiki/Inner_Rim, https://starwars.fandom.com/wiki/Transitory_Mists;https://starwars.fandom.com/wiki/Hapes_Cluster;https://starwars.fandom.com/wiki/Dreena_system;O-9;1337
Star;;Inner Rim;;;Dulin system;Dulin;-42.025;-487.09;;http://starwars.wikia.com/wiki/Dulin_system;http://starwars.wikia.com/wiki/Inner_Rim;;https://starwars.fandom.com/wiki/Dulin_system;K-14;1196
Star;;Inner Rim;Hapes Cluster;;Ediorung system;Ediorung;349.442;56.195;;http://starwars.wikia.com/wiki/Ediorung;http://starwars.wikia.com/wiki/Inner_Rim;https://starwars.fandom.com/wiki/Hapes_Cluster;https://starwars.fandom.com/wiki/Ediorung_system;O-9;1364
Star;;Inner Rim;;;Ejolus system;Ejolus;153.364;188.365;;http://starwars.wikia.com/wiki/Ejolus;http://starwars.wikia.com/wiki/Inner_Rim;;https://starwars.fandom.com/wiki/Ejolus_system;M-8;1233
Star;;Inner Rim;;;Eshan system;Eshan;237.663;175.856;;http://starwars.wikia.com/wiki/Eshan;http://starwars.wikia.com/wiki/Inner_Rim;;https://starwars.fandom.com/wiki/Eshan_system;N-8;2078
Star;;Inner Rim, The Slice;;;Fadden system;Fadden;296.889;-131.617;;http://starwars.wikia.com/wiki/Fadden;http://starwars.wikia.com/wiki/Inner_Rim, https://starwars.fandom.com/wiki/The_Slice/Legends;;https://starwars.fandom.com/wiki/Fadden_system;N-11;1286
Star;;Inner Rim, The Slice;Hapes Cluster, Interior Region;;Farnica system;Farnica;345.604;53.627;;http://starwars.wikia.com/wiki/Farnica;http://starwars.wikia.com/wiki/Inner_Rim, https://starwars.fandom.com/wiki/The_Slice/Legends;https://starwars.fandom.com/wiki/Hapes_Cluster,https://starwars.fandom.com/wiki/Interior_Region;https://starwars.fandom.com/wiki/Farnica_system;O-9;1348
Star;;Inner Rim, The Slice;Hapes Cluster, Gateworlds;;Febrini system ;Febrini;347.695;59.93;;http://starwars.wikia.com/wiki/Febrini;http://starwars.wikia.com/wiki/Inner_Rim, https://starwars.fandom.com/wiki/The_Slice/Legends;https://starwars.fandom.com/wiki/Hapes_Cluster, https://starwars.fandom.com/wiki/Gateworlds;https://starwars.fandom.com/wiki/Febrini_system;O-9;1329
Star;;Inner Rim;;;Fennesa system;Fennesa;-42.659;-414.648;;http://starwars.wikia.com/wiki/Fennesa;http://starwars.wikia.com/wiki/Inner_Rim;;https://starwars.fandom.com/wiki/Fennesa_system;K-14;1200
Star;;Inner Rim;Larrin sector;;Filordis system;Filordis;238.839;146.997;;http://starwars.wikia.com/wiki/Filordis;http://starwars.wikia.com/wiki/Inner_Rim;https://starwars.fandom.com/wiki/Larrin_sector;https://starwars.fandom.com/wiki/Filordis_system;N-8;1267
Star;;Inner Rim, Northern Dependencies;Hapes Cluster;;Gallinore system;Gallinore;346.14;55.334;;http://starwars.wikia.com/wiki/Gallinore;http://starwars.wikia.com/wiki/Inner_Rim,https://starwars.fandom.com/wiki/Northern_Dependencies;https://starwars.fandom.com/wiki/Hapes_Cluster;https://starwars.fandom.com/wiki/Gallinore_system;O-9;1350
Cluster;;Inner Rim;;;Gelviddis Cluster;;258.818;26.745;;http://starwars.wikia.com/wiki/Gelviddis_Cluster;http://starwars.wikia.com/wiki/Inner_Rim;;;N-9;1279
Star;;Inner Rim;;;Gelviddis Cluster system;Unidentified Gelviddis Cluster planet;258.818;26.745;;https://starwars.fandom.com/wiki/Unidentified_Gelviddis_Cluster_planet;http://starwars.wikia.com/wiki/Inner_Rim;;;;
Star;;Inner Rim;;;Gendrah-Narvin system;Gendrah-Narvin;244.088;-303.891;;http://starwars.wikia.com/wiki/Gendrah-Narvin_system;http://starwars.wikia.com/wiki/Inner_Rim;;https://starwars.fandom.com/wiki/Gendrah-Narvin_system;N-13;1290
Star;;Inner Rim;;;Genon system;Genon;249.451;-359.188;;http://starwars.wikia.com/wiki/Genon;http://starwars.wikia.com/wiki/Inner_Rim;;https://starwars.fandom.com/wiki/Genon_system;N-13;1297
Star;;Inner Rim;;;Gorse system;Gorse;358.316;-80.167;;http://starwars.wikia.com/wiki/Gorse;http://starwars.wikia.com/wiki/Inner_Rim;;https://starwars.fandom.com/wiki/Gorse_system;O-10;2052
Star;;Inner Rim;;Gravan;Gravan system;Gravan Seven;339.54;160.682;;http://starwars.wikia.com/wiki/Gravan_Seven;http://starwars.wikia.com/wiki/Inner_Rim;;https://starwars.fandom.com/wiki/Gravan_system;O-8;1305
Star;;Inner Rim;Guagenian sector;;Guagenia system (assumed);Guagenia;-110.472;-429.764;;https://starwars.fandom.com/wiki/Guagenia;http://starwars.wikia.com/wiki/Inner_Rim;https://starwars.fandom.com/wiki/Guagenian_sector;;J-14;4771
Star;;Inner Rim;;;Gyrica system;Milvayne;50.047;153.369;;http://starwars.wikia.com/wiki/Milvayne;http://starwars.wikia.com/wiki/Inner_Rim;;https://starwars.fandom.com/wiki/Gyrica_system;L-8;1203
Star;;Inner Rim;;;H'ratth system ;H'ratth;247.324;-13.901;;http://starwars.wikia.com/wiki/H%27ratth;http://starwars.wikia.com/wiki/Inner_Rim;;https://starwars.fandom.com/wiki/H%27ratth_system;N-10;1281
Star;;Inner Rim;Hapes Cluster;;Hapes Cluster nameless system 1; ;336.545;49.619;; ;http://starwars.wikia.com/wiki/Inner_Rim;https://starwars.fandom.com/wiki/Hapes_Cluster;;O-9;1369
Star;;Inner Rim;Hapes Cluster;;Hapes Cluster nameless system 10; ;343.946;43.914;; ;http://starwars.wikia.com/wiki/Inner_Rim;https://starwars.fandom.com/wiki/Hapes_Cluster;;O-9;1378
Star;;Inner Rim;Hapes Cluster;;Hapes Cluster nameless system 100; ;357.732;55.079;; ;http://starwars.wikia.com/wiki/Inner_Rim;https://starwars.fandom.com/wiki/Hapes_Cluster;;O-9;1468
Star;;Inner Rim;Hapes Cluster;;Hapes Cluster nameless system 101; ;356.6;56.646;; ;http://starwars.wikia.com/wiki/Inner_Rim;https://starwars.fandom.com/wiki/Hapes_Cluster;;O-9;1469
Star;;Inner Rim;Hapes Cluster;;Hapes Cluster nameless system 102; ;356.303;57.09;; ;http://starwars.wikia.com/wiki/Inner_Rim;https://starwars.fandom.com/wiki/Hapes_Cluster;;O-9;1470
Star;;Inner Rim;Hapes Cluster;;Hapes Cluster nameless system 103; ;355.996;57.535;; ;http://starwars.wikia.com/wiki/Inner_Rim;https://starwars.fandom.com/wiki/Hapes_Cluster;;O-9;1471
Star;;Inner Rim;Hapes Cluster;;Hapes Cluster nameless system 104; ;355.044;60.339;; ;http://starwars.wikia.com/wiki/Inner_Rim;https://starwars.fandom.com/wiki/Hapes_Cluster;;O-9;1472
Star;;Inner Rim;Hapes Cluster;;Hapes Cluster nameless system 105; ;353.887;61.285;; ;http://starwars.wikia.com/wiki/Inner_Rim;https://starwars.fandom.com/wiki/Hapes_Cluster;;O-9;1473
Star;;Inner Rim;Hapes Cluster;;Hapes Cluster nameless system 106; ;335.302;49.84;; ;http://starwars.wikia.com/wiki/Inner_Rim;https://starwars.fandom.com/wiki/Hapes_Cluster;;O-9;1474
Star;;Inner Rim;Hapes Cluster;;Hapes Cluster nameless system 107; ;349.673;60.332;; ;http://starwars.wikia.com/wiki/Inner_Rim;https://starwars.fandom.com/wiki/Hapes_Cluster;;O-9;1475
Star;;Inner Rim;Hapes Cluster;;Hapes Cluster nameless system 108; ;346.46;51.081;; ;http://starwars.wikia.com/wiki/Inner_Rim;https://starwars.fandom.com/wiki/Hapes_Cluster;;O-9;1476
Star;;Inner Rim;Hapes Cluster;;Hapes Cluster nameless system 109; ;347.349;50.837;; ;http://starwars.wikia.com/wiki/Inner_Rim;https://starwars.fandom.com/wiki/Hapes_Cluster;;O-9;1477
Star;;Inner Rim;Hapes Cluster;;Hapes Cluster nameless system 11; ;344.08;45.763;; ;http://starwars.wikia.com/wiki/Inner_Rim;https://starwars.fandom.com/wiki/Hapes_Cluster;;O-9;1379
Star;;Inner Rim;Hapes Cluster;;Hapes Cluster nameless system 12; ;345.004;44.197;; ;http://starwars.wikia.com/wiki/Inner_Rim;https://starwars.fandom.com/wiki/Hapes_Cluster;;O-9;1380
Star;;Inner Rim;Hapes Cluster;;Hapes Cluster nameless system 13; ;345.731;43.181;; ;http://starwars.wikia.com/wiki/Inner_Rim;https://starwars.fandom.com/wiki/Hapes_Cluster;;O-9;1381
Star;;Inner Rim;Hapes Cluster;;Hapes Cluster nameless system 14; ;346.832;42.948;; ;http://starwars.wikia.com/wiki/Inner_Rim;https://starwars.fandom.com/wiki/Hapes_Cluster;;O-9;1382
Star;;Inner Rim;Hapes Cluster;;Hapes Cluster nameless system 15; ;348.267;42.617;; ;http://starwars.wikia.com/wiki/Inner_Rim;https://starwars.fandom.com/wiki/Hapes_Cluster;;O-9;1383
Star;;Inner Rim;Hapes Cluster;;Hapes Cluster nameless system 16; ;348.954;43.376;; ;http://starwars.wikia.com/wiki/Inner_Rim;https://starwars.fandom.com/wiki/Hapes_Cluster;;O-9;1384
Star;;Inner Rim;Hapes Cluster;;Hapes Cluster nameless system 17; ;350.198;44.707;; ;http://starwars.wikia.com/wiki/Inner_Rim;https://starwars.fandom.com/wiki/Hapes_Cluster;;O-9;1385
Star;;Inner Rim;Hapes Cluster;;Hapes Cluster nameless system 18; ;351.759;45.536;; ;http://starwars.wikia.com/wiki/Inner_Rim;https://starwars.fandom.com/wiki/Hapes_Cluster;;O-9;1386
Star;;Inner Rim;Hapes Cluster;;Hapes Cluster nameless system 19; ;353.029;46.065;; ;http://starwars.wikia.com/wiki/Inner_Rim;https://starwars.fandom.com/wiki/Hapes_Cluster;;O-9;1387
Star;;Inner Rim;Hapes Cluster;;Hapes Cluster nameless system 2; ;336.142;53.439;; ;http://starwars.wikia.com/wiki/Inner_Rim;https://starwars.fandom.com/wiki/Hapes_Cluster;;O-9;1370
Star;;Inner Rim;Hapes Cluster;;Hapes Cluster nameless system 20; ;355.005;46.551;; ;http://starwars.wikia.com/wiki/Inner_Rim;https://starwars.fandom.com/wiki/Hapes_Cluster;;O-9;1388
Star;;Inner Rim;Hapes Cluster;;Hapes Cluster nameless system 21; ;356.326;48;; ;http://starwars.wikia.com/wiki/Inner_Rim;https://starwars.fandom.com/wiki/Hapes_Cluster;;O-9;1389
Star;;Inner Rim;Hapes Cluster;;Hapes Cluster nameless system 22; ;357.278;48.84;; ;http://starwars.wikia.com/wiki/Inner_Rim;https://starwars.fandom.com/wiki/Hapes_Cluster;;O-9;1390
Star;;Inner Rim;Hapes Cluster;;Hapes Cluster nameless system 23; ;358.534;50.322;; ;http://starwars.wikia.com/wiki/Inner_Rim;https://starwars.fandom.com/wiki/Hapes_Cluster;;O-9;1391
Star;;Inner Rim;Hapes Cluster;;Hapes Cluster nameless system 24; ;358.492;51.317;; ;http://starwars.wikia.com/wiki/Inner_Rim;https://starwars.fandom.com/wiki/Hapes_Cluster;;O-9;1392
Star;;Inner Rim;Hapes Cluster;;Hapes Cluster nameless system 25; ;359.76;53.102;; ;http://starwars.wikia.com/wiki/Inner_Rim;https://starwars.fandom.com/wiki/Hapes_Cluster;;O-9;1393
Star;;Inner Rim;Hapes Cluster;;Hapes Cluster nameless system 26; ;359.749;54.329;; ;http://starwars.wikia.com/wiki/Inner_Rim;https://starwars.fandom.com/wiki/Hapes_Cluster;;O-9;1394
Star;;Inner Rim;Hapes Cluster;;Hapes Cluster nameless system 27; ;359.231;54.858;; ;http://starwars.wikia.com/wiki/Inner_Rim;https://starwars.fandom.com/wiki/Hapes_Cluster;;O-9;1395
Star;;Inner Rim;Hapes Cluster;;Hapes Cluster nameless system 28; ;358.744;55.356;; ;http://starwars.wikia.com/wiki/Inner_Rim;https://starwars.fandom.com/wiki/Hapes_Cluster;;O-9;1396
Star;;Inner Rim;Hapes Cluster;;Hapes Cluster nameless system 29; ;357.897;55.896;; ;http://starwars.wikia.com/wiki/Inner_Rim;https://starwars.fandom.com/wiki/Hapes_Cluster;;O-9;1397
Star;;Inner Rim;Hapes Cluster;;Hapes Cluster nameless system 3; ;337.021;54.54;; ;http://starwars.wikia.com/wiki/Inner_Rim;https://starwars.fandom.com/wiki/Hapes_Cluster;;O-9;1371
Star;;Inner Rim;Hapes Cluster;;Hapes Cluster nameless system 30; ;357.463;56.52;; ;http://starwars.wikia.com/wiki/Inner_Rim;https://starwars.fandom.com/wiki/Hapes_Cluster;;O-9;1398
Star;;Inner Rim;Hapes Cluster;;Hapes Cluster nameless system 31; ;357.167;57.663;; ;http://starwars.wikia.com/wiki/Inner_Rim;https://starwars.fandom.com/wiki/Hapes_Cluster;;O-9;1399
Star;;Inner Rim;Hapes Cluster;;Hapes Cluster nameless system 32; ;356.437;58.298;; ;http://starwars.wikia.com/wiki/Inner_Rim;https://starwars.fandom.com/wiki/Hapes_Cluster;;O-9;1400
Star;;Inner Rim;Hapes Cluster;;Hapes Cluster nameless system 33; ;356.469;59.198;; ;http://starwars.wikia.com/wiki/Inner_Rim;https://starwars.fandom.com/wiki/Hapes_Cluster;;O-9;1401
Star;;Inner Rim;Hapes Cluster;;Hapes Cluster nameless system 34; ;356.215;60.224;; ;http://starwars.wikia.com/wiki/Inner_Rim;https://starwars.fandom.com/wiki/Hapes_Cluster;;O-9;1402
Star;;Inner Rim;Hapes Cluster;;Hapes Cluster nameless system 35; ;356.903;60.489;; ;http://starwars.wikia.com/wiki/Inner_Rim;https://starwars.fandom.com/wiki/Hapes_Cluster;;O-9;1403
Star;;Inner Rim;Hapes Cluster;;Hapes Cluster nameless system 36; ;357.675;60.319;; ;http://starwars.wikia.com/wiki/Inner_Rim;https://starwars.fandom.com/wiki/Hapes_Cluster;;O-9;1404
Star;;Inner Rim;Hapes Cluster;;Hapes Cluster nameless system 37; ;358.437;60.531;; ;http://starwars.wikia.com/wiki/Inner_Rim;https://starwars.fandom.com/wiki/Hapes_Cluster;;O-9;1405
Star;;Inner Rim;Hapes Cluster;;Hapes Cluster nameless system 38; ;359.103;60.878;; ;http://starwars.wikia.com/wiki/Inner_Rim;https://starwars.fandom.com/wiki/Hapes_Cluster;;O-9;1406
Star;;Inner Rim;Hapes Cluster;;Hapes Cluster nameless system 39; ;354.711;61.919;; ;http://starwars.wikia.com/wiki/Inner_Rim;https://starwars.fandom.com/wiki/Hapes_Cluster;;O-9;1407
Star;;Inner Rim;Hapes Cluster;;Hapes Cluster nameless system 4; ;341.582;52.286;; ;http://starwars.wikia.com/wiki/Inner_Rim;https://starwars.fandom.com/wiki/Hapes_Cluster;;O-9;1372
Star;;Inner Rim;Hapes Cluster;;Hapes Cluster nameless system 40; ;352.171;62.995;; ;http://starwars.wikia.com/wiki/Inner_Rim;https://starwars.fandom.com/wiki/Hapes_Cluster;;O-9;1408
Star;;Inner Rim;Hapes Cluster;;Hapes Cluster nameless system 41; ;356.537;63.224;; ;http://starwars.wikia.com/wiki/Inner_Rim;https://starwars.fandom.com/wiki/Hapes_Cluster;;O-9;1409
Star;;Inner Rim;Hapes Cluster;;Hapes Cluster nameless system 42; ;355.39;63.083;; ;http://starwars.wikia.com/wiki/Inner_Rim;https://starwars.fandom.com/wiki/Hapes_Cluster;;O-9;1410
Star;;Inner Rim;Hapes Cluster;;Hapes Cluster nameless system 43; ;354.773;62.977;; ;http://starwars.wikia.com/wiki/Inner_Rim;https://starwars.fandom.com/wiki/Hapes_Cluster;;O-9;1411
Star;;Inner Rim;Hapes Cluster;;Hapes Cluster nameless system 44; ;353.944;63.215;; ;http://starwars.wikia.com/wiki/Inner_Rim;https://starwars.fandom.com/wiki/Hapes_Cluster;;O-9;1412
Star;;Inner Rim;Hapes Cluster;;Hapes Cluster nameless system 45; ;353.212;63.939;; ;http://starwars.wikia.com/wiki/Inner_Rim;https://starwars.fandom.com/wiki/Hapes_Cluster;;O-9;1413
Star;;Inner Rim;Hapes Cluster;;Hapes Cluster nameless system 46; ;352.409;64.088;; ;http://starwars.wikia.com/wiki/Inner_Rim;https://starwars.fandom.com/wiki/Hapes_Cluster;;O-9;1414
Star;;Inner Rim;Hapes Cluster;;Hapes Cluster nameless system 47; ;348.978;56.834;; ;http://starwars.wikia.com/wiki/Inner_Rim;https://starwars.fandom.com/wiki/Hapes_Cluster;;O-9;1415
Star;;Inner Rim;Hapes Cluster;;Hapes Cluster nameless system 48; ;349.481;60.239;; ;http://starwars.wikia.com/wiki/Inner_Rim;https://starwars.fandom.com/wiki/Hapes_Cluster;;O-9;1416
Star;;Inner Rim;Hapes Cluster;;Hapes Cluster nameless system 49; ;348.652;59.868;; ;http://starwars.wikia.com/wiki/Inner_Rim;https://starwars.fandom.com/wiki/Hapes_Cluster;;O-9;1417
Star;;Inner Rim;Hapes Cluster;;Hapes Cluster nameless system 5; ;341.995;51.661;; ;http://starwars.wikia.com/wiki/Inner_Rim;https://starwars.fandom.com/wiki/Hapes_Cluster;;O-9;1373
Star;;Inner Rim;Hapes Cluster;;Hapes Cluster nameless system 50; ;345.054;56.665;; ;http://starwars.wikia.com/wiki/Inner_Rim;https://starwars.fandom.com/wiki/Hapes_Cluster;;O-9;1418
Star;;Inner Rim;Hapes Cluster;;Hapes Cluster nameless system 51; ;345.957;57.145;; ;http://starwars.wikia.com/wiki/Inner_Rim;https://starwars.fandom.com/wiki/Hapes_Cluster;;O-9;1419
Star;;Inner Rim;Hapes Cluster;;Hapes Cluster nameless system 52; ;346.126;59.65;; ;http://starwars.wikia.com/wiki/Inner_Rim;https://starwars.fandom.com/wiki/Hapes_Cluster;;O-9;1420
Star;;Inner Rim;Hapes Cluster;;Hapes Cluster nameless system 53; ;345.145;59.748;; ;http://starwars.wikia.com/wiki/Inner_Rim;https://starwars.fandom.com/wiki/Hapes_Cluster;;O-9;1421
Star;;Inner Rim;Hapes Cluster;;Hapes Cluster nameless system 54; ;344.193;59.805;; ;http://starwars.wikia.com/wiki/Inner_Rim;https://starwars.fandom.com/wiki/Hapes_Cluster;;O-9;1422
Star;;Inner Rim;Hapes Cluster;;Hapes Cluster nameless system 55; ;347.17;59.156;; ;http://starwars.wikia.com/wiki/Inner_Rim;https://starwars.fandom.com/wiki/Hapes_Cluster;;O-9;1423
Star;;Inner Rim;Hapes Cluster;;Hapes Cluster nameless system 56; ;345.928;58.937;; ;http://starwars.wikia.com/wiki/Inner_Rim;https://starwars.fandom.com/wiki/Hapes_Cluster;;O-9;1424
Star;;Inner Rim;Hapes Cluster;;Hapes Cluster nameless system 57; ;345.653;60.729;; ;http://starwars.wikia.com/wiki/Inner_Rim;https://starwars.fandom.com/wiki/Hapes_Cluster;;O-9;1425
Star;;Inner Rim;Hapes Cluster;;Hapes Cluster nameless system 58; ;342.577;59.36;; ;http://starwars.wikia.com/wiki/Inner_Rim;https://starwars.fandom.com/wiki/Hapes_Cluster;;O-9;1426
Star;;Inner Rim;Hapes Cluster;;Hapes Cluster nameless system 59; ;342.64;50.439;; ;http://starwars.wikia.com/wiki/Inner_Rim;https://starwars.fandom.com/wiki/Hapes_Cluster;;O-9;1427
Star;;Inner Rim;Hapes Cluster;;Hapes Cluster nameless system 6; ;341.699;50.063;; ;http://starwars.wikia.com/wiki/Inner_Rim;https://starwars.fandom.com/wiki/Hapes_Cluster;;O-9;1374
Star;;Inner Rim;Hapes Cluster;;Hapes Cluster nameless system 60; ;340.905;50.523;; ;http://starwars.wikia.com/wiki/Inner_Rim;https://starwars.fandom.com/wiki/Hapes_Cluster;;O-9;1428
Star;;Inner Rim;Hapes Cluster;;Hapes Cluster nameless system 61; ;340.481;51.497;; ;http://starwars.wikia.com/wiki/Inner_Rim;https://starwars.fandom.com/wiki/Hapes_Cluster;;O-9;1429
Star;;Inner Rim;Hapes Cluster;;Hapes Cluster nameless system 62; ;342.492;52.735;; ;http://starwars.wikia.com/wiki/Inner_Rim;https://starwars.fandom.com/wiki/Hapes_Cluster;;O-9;1430
Star;;Inner Rim;Hapes Cluster;;Hapes Cluster nameless system 63; ;342.884;53.529;; ;http://starwars.wikia.com/wiki/Inner_Rim;https://starwars.fandom.com/wiki/Hapes_Cluster;;O-9;1431
Star;;Inner Rim;Hapes Cluster;;Hapes Cluster nameless system 64; ;342.069;54.471;; ;http://starwars.wikia.com/wiki/Inner_Rim;https://starwars.fandom.com/wiki/Hapes_Cluster;;O-9;1432
Star;;Inner Rim;Hapes Cluster;;Hapes Cluster nameless system 65; ;342.757;54.841;; ;http://starwars.wikia.com/wiki/Inner_Rim;https://starwars.fandom.com/wiki/Hapes_Cluster;;O-9;1433
Star;;Inner Rim;Hapes Cluster;;Hapes Cluster nameless system 66; ;341.307;58.143;; ;http://starwars.wikia.com/wiki/Inner_Rim;https://starwars.fandom.com/wiki/Hapes_Cluster;;O-9;1434
Star;;Inner Rim;Hapes Cluster;;Hapes Cluster nameless system 67; ;338.513;56.503;; ;http://starwars.wikia.com/wiki/Inner_Rim;https://starwars.fandom.com/wiki/Hapes_Cluster;;O-9;1435
Star;;Inner Rim;Hapes Cluster;;Hapes Cluster nameless system 68; ;336.893;56.027;; ;http://starwars.wikia.com/wiki/Inner_Rim;https://starwars.fandom.com/wiki/Hapes_Cluster;;O-9;1436
Star;;Inner Rim;Hapes Cluster;;Hapes Cluster nameless system 69; ;337.433;53.614;; ;http://starwars.wikia.com/wiki/Inner_Rim;https://starwars.fandom.com/wiki/Hapes_Cluster;;O-9;1437
Star;;Inner Rim;Hapes Cluster;;Hapes Cluster nameless system 7; ;342.048;48.158;; ;http://starwars.wikia.com/wiki/Inner_Rim;https://starwars.fandom.com/wiki/Hapes_Cluster;;O-9;1375
Star;;Inner Rim;Hapes Cluster;;Hapes Cluster nameless system 70; ;341.411;59.782;; ;http://starwars.wikia.com/wiki/Inner_Rim;https://starwars.fandom.com/wiki/Hapes_Cluster;;O-9;1438
Star;;Inner Rim;Hapes Cluster;;Hapes Cluster nameless system 71; ;338.827;59.738;; ;http://starwars.wikia.com/wiki/Inner_Rim;https://starwars.fandom.com/wiki/Hapes_Cluster;;O-9;1439
Star;;Inner Rim;Hapes Cluster;;Hapes Cluster nameless system 72; ;338.58;60.646;; ;http://starwars.wikia.com/wiki/Inner_Rim;https://starwars.fandom.com/wiki/Hapes_Cluster;;O-9;1440
Star;;Inner Rim;Hapes Cluster;;Hapes Cluster nameless system 73; ;339.735;60.831;; ;http://starwars.wikia.com/wiki/Inner_Rim;https://starwars.fandom.com/wiki/Hapes_Cluster;;O-9;1441
Star;;Inner Rim;Hapes Cluster;;Hapes Cluster nameless system 74; ;340.017;59.897;; ;http://starwars.wikia.com/wiki/Inner_Rim;https://starwars.fandom.com/wiki/Hapes_Cluster;;O-9;1442
Star;;Inner Rim;Hapes Cluster;;Hapes Cluster nameless system 75; ;341.12;61.096;; ;http://starwars.wikia.com/wiki/Inner_Rim;https://starwars.fandom.com/wiki/Hapes_Cluster;;O-9;1443
Star;;Inner Rim;Hapes Cluster;;Hapes Cluster nameless system 76; ;335.567;45.399;; ;http://starwars.wikia.com/wiki/Inner_Rim;https://starwars.fandom.com/wiki/Hapes_Cluster;;O-9;1444
Star;;Inner Rim;Hapes Cluster;;Hapes Cluster nameless system 77; ;336.498;44.729;; ;http://starwars.wikia.com/wiki/Inner_Rim;https://starwars.fandom.com/wiki/Hapes_Cluster;;O-9;1445
Star;;Inner Rim;Hapes Cluster;;Hapes Cluster nameless system 78; ;337.162;43.614;; ;http://starwars.wikia.com/wiki/Inner_Rim;https://starwars.fandom.com/wiki/Hapes_Cluster;;O-9;1446
Star;;Inner Rim;Hapes Cluster;;Hapes Cluster nameless system 79; ;337.726;42.676;; ;http://starwars.wikia.com/wiki/Inner_Rim;https://starwars.fandom.com/wiki/Hapes_Cluster;;O-9;1447
Star;;Inner Rim;Hapes Cluster;;Hapes Cluster nameless system 8; ;342.672;46.359;; ;http://starwars.wikia.com/wiki/Inner_Rim;https://starwars.fandom.com/wiki/Hapes_Cluster;;O-9;1376
Star;;Inner Rim;Hapes Cluster;;Hapes Cluster nameless system 80; ;338.58;42.083;; ;http://starwars.wikia.com/wiki/Inner_Rim;https://starwars.fandom.com/wiki/Hapes_Cluster;;O-9;1448
Star;;Inner Rim;Hapes Cluster;;Hapes Cluster nameless system 81; ;338.474;41.145;; ;http://starwars.wikia.com/wiki/Inner_Rim;https://starwars.fandom.com/wiki/Hapes_Cluster;;O-9;1449
Star;;Inner Rim;Hapes Cluster;;Hapes Cluster nameless system 82; ;337.373;41.85;; ;http://starwars.wikia.com/wiki/Inner_Rim;https://starwars.fandom.com/wiki/Hapes_Cluster;;O-9;1450
Star;;Inner Rim;Hapes Cluster;;Hapes Cluster nameless system 83; ;335.073;42.528;; ;http://starwars.wikia.com/wiki/Inner_Rim;https://starwars.fandom.com/wiki/Hapes_Cluster;;O-9;1451
Star;;Inner Rim;Hapes Cluster;;Hapes Cluster nameless system 84; ;334.255;43.106;; ;http://starwars.wikia.com/wiki/Inner_Rim;https://starwars.fandom.com/wiki/Hapes_Cluster;;O-9;1452
Star;;Inner Rim;Hapes Cluster;;Hapes Cluster nameless system 85; ;336.209;43.586;; ;http://starwars.wikia.com/wiki/Inner_Rim;https://starwars.fandom.com/wiki/Hapes_Cluster;;O-9;1453
Star;;Inner Rim;Hapes Cluster;;Hapes Cluster nameless system 86; ;347.279;41.194;; ;http://starwars.wikia.com/wiki/Inner_Rim;https://starwars.fandom.com/wiki/Hapes_Cluster;;O-9;1454
Star;;Inner Rim;Hapes Cluster;;Hapes Cluster nameless system 87; ;347.364;44.341;; ;http://starwars.wikia.com/wiki/Inner_Rim;https://starwars.fandom.com/wiki/Hapes_Cluster;;O-9;1455
Star;;Inner Rim;Hapes Cluster;;Hapes Cluster nameless system 88; ;348.182;45.329;; ;http://starwars.wikia.com/wiki/Inner_Rim;https://starwars.fandom.com/wiki/Hapes_Cluster;;O-9;1456
Star;;Inner Rim;Hapes Cluster;;Hapes Cluster nameless system 89; ;350.059;42.873;; ;http://starwars.wikia.com/wiki/Inner_Rim;https://starwars.fandom.com/wiki/Hapes_Cluster;;O-9;1457
Star;;Inner Rim;Hapes Cluster;;Hapes Cluster nameless system 9; ;343.191;45.283;; ;http://starwars.wikia.com/wiki/Inner_Rim;https://starwars.fandom.com/wiki/Hapes_Cluster;;O-9;1377
Star;;Inner Rim;Hapes Cluster;;Hapes Cluster nameless system 90; ;350.13;43.748;; ;http://starwars.wikia.com/wiki/Inner_Rim;https://starwars.fandom.com/wiki/Hapes_Cluster;;O-9;1458
Star;;Inner Rim;Hapes Cluster;;Hapes Cluster nameless system 91; ;351.16;44.129;; ;http://starwars.wikia.com/wiki/Inner_Rim;https://starwars.fandom.com/wiki/Hapes_Cluster;;O-9;1459
Star;;Inner Rim;Hapes Cluster;;Hapes Cluster nameless system 92; ;355.224;43.48;; ;http://starwars.wikia.com/wiki/Inner_Rim;https://starwars.fandom.com/wiki/Hapes_Cluster;;O-9;1460
Star;;Inner Rim;Hapes Cluster;;Hapes Cluster nameless system 93; ;353.77;44.976;; ;http://starwars.wikia.com/wiki/Inner_Rim;https://starwars.fandom.com/wiki/Hapes_Cluster;;O-9;1461
Star;;Inner Rim;Hapes Cluster;;Hapes Cluster nameless system 94; ;355.591;48.419;; ;http://starwars.wikia.com/wiki/Inner_Rim;https://starwars.fandom.com/wiki/Hapes_Cluster;;O-9;1462
Star;;Inner Rim;Hapes Cluster;;Hapes Cluster nameless system 95; ;356.466;49.491;; ;http://starwars.wikia.com/wiki/Inner_Rim;https://starwars.fandom.com/wiki/Hapes_Cluster;;O-9;1463
Star;;Inner Rim;Hapes Cluster;;Hapes Cluster nameless system 96; ;357.693;47.897;; ;http://starwars.wikia.com/wiki/Inner_Rim;https://starwars.fandom.com/wiki/Hapes_Cluster;;O-9;1464
Star;;Inner Rim;Hapes Cluster;;Hapes Cluster nameless system 97; ;359.245;50.437;; ;http://starwars.wikia.com/wiki/Inner_Rim;https://starwars.fandom.com/wiki/Hapes_Cluster;;O-9;1465
Star;;Inner Rim;Hapes Cluster;;Hapes Cluster nameless system 98; ;357.309;52.127;; ;http://starwars.wikia.com/wiki/Inner_Rim;https://starwars.fandom.com/wiki/Hapes_Cluster;;O-9;1466
Star;;Inner Rim;Hapes Cluster;;Hapes Cluster nameless system 99; ;357.933;52.889;; ;http://starwars.wikia.com/wiki/Inner_Rim;https://starwars.fandom.com/wiki/Hapes_Cluster;;O-9;1467
Star;F4 V;Inner Rim;Hapes Cluster;Hapes;Hapes system;Hapes;350.642;53.377;;http://starwars.wikia.com/wiki/Hapes;http://starwars.wikia.com/wiki/Inner_Rim;https://starwars.fandom.com/wiki/Hapes_Cluster;https://starwars.fandom.com/wiki/Hapes_system;O-9;1310
Star;;Inner Rim, Trailing Sectors;Harrin sector;;Harrin system;Harrin;81.578;-502.162;;http://starwars.wikia.com/wiki/Harrin;http://starwars.wikia.com/wiki/Inner_Rim, https://starwars.fandom.com/wiki/Trailing_Sectors/Legends;https://starwars.fandom.com/wiki/Harrin_sector;https://starwars.fandom.com/wiki/Harrin_system;L-15;1224
Star;;Inner Rim;Hapes Cluster;;Harterra system ;Harterra;349.893;52.06;;http://starwars.wikia.com/wiki/Harterra;http://starwars.wikia.com/wiki/Inner_Rim;https://starwars.fandom.com/wiki/Hapes_Cluster;https://starwars.fandom.com/wiki/Harterra_system;O-9;1360
Star;;Inner Rim, Trailing Sectors;;;Heptalia system ;Heptalia;180.707;-452.598;;http://starwars.wikia.com/wiki/Heptalia;http://starwars.wikia.com/wiki/Inner_Rim, https://starwars.fandom.com/wiki/Trailing_Sectors/Legends;;https://starwars.fandom.com/wiki/Heptalia_system;M-14;1249
Star;;Inner Rim;Orus sector;;Hijarna system;Hijarna;172.228;104.031;;http://starwars.wikia.com/wiki/Hijarna;http://starwars.wikia.com/wiki/Inner_Rim;https://starwars.fandom.com/wiki/Orus_sector;https://starwars.fandom.com/wiki/Hijarna_system;M-8;1235
Star;;Inner Rim, Trailing Sectors;;;Hillindor system;Hillindor;164.381;-364.185;;http://starwars.wikia.com/wiki/Hillindor_system;http://starwars.wikia.com/wiki/Inner_Rim, https://starwars.fandom.com/wiki/Trailing_Sectors/Legends;;https://starwars.fandom.com/wiki/Hillindor_system;M-13;1243
Star;;Inner Rim;Iseno sector;;Iseno system;Iseno;220.323;-307.682;;http://starwars.wikia.com/wiki/Iseno;http://starwars.wikia.com/wiki/Inner_Rim;https://starwars.fandom.com/wiki/Iseno_sector;https://starwars.fandom.com/wiki/Iseno_system;N-13;1291
Nebula;// reddish-green gases;Inner Rim;;;Itani Nebula;;222.874;-415.239;;https://starwars.fandom.com/wiki/Itani_Nebula/Legends;http://starwars.wikia.com/wiki/Inner_Rim;;;;
Star;;Inner Rim, Itani Nebula;;;Itani system;Itani;222.874;-415.239;;http://starwars.wikia.com/wiki/Itani_system;http://starwars.wikia.com/wiki/Inner_Rim, https://starwars.fandom.com/wiki/Itani_Nebula/Legends;;http://starwars.wikia.com/wiki/Itani_system;N-14;1301
Star;;Inner Rim;Airon Sector;;Ithull system;Ithull;376.164;-24.392;;http://starwars.wikia.com/wiki/Ithull;http://starwars.wikia.com/wiki/Inner_Rim;https://starwars.fandom.com/wiki/Airon_sector;https://starwars.fandom.com/wiki/Ithull_system;O-10;1480
Star;// yellow-white star;Inner Rim, Western Reaches;;Jakku's sun;Jakku system;Jakku;-275.511;-316.755;;http://starwars.wikia.com/wiki/Jakku;http://starwars.wikia.com/wiki/Inner_Rim, https://starwars.fandom.com/wiki/Western_Reaches;;https://starwars.fandom.com/wiki/Jakku_system;I-13;2034
Star;;Inner Rim;;Janara ;Janara system;Janara;5.32;-458.485;;http://starwars.wikia.com/wiki/Janara_III;http://starwars.wikia.com/wiki/Inner_Rim;;https://starwars.fandom.com/wiki/Janara_system;L-14;1220
Star;;Inner Rim;;;Jandur system;Jandur;-128.085;-434.813;;http://starwars.wikia.com/wiki/Jandur;http://starwars.wikia.com/wiki/Inner_Rim;;https://starwars.fandom.com/wiki/Jandur_system;J-14;1188
Star;// Yellow star;Inner Rim;Japrael sector;Prael;Japrael system/Onderon system;Onderon, Dxun;370.615;17.405;;http://starwars.wikia.com/wiki/Onderon;http://starwars.wikia.com/wiki/Inner_Rim;https://starwars.fandom.com/wiki/Japrael_sector/Legends;https://starwars.fandom.com/wiki/Japrael_system;O-9;1311
Star;;Inner Rim;Hapes Cluster, Corsair_Outback;;Jodaka system ;Jodaka;341.383;49.158;;http://starwars.wikia.com/wiki/Jodaka;http://starwars.wikia.com/wiki/Inner_Rim;https://starwars.fandom.com/wiki/Hapes_Cluster, https://starwars.fandom.com/wiki/Corsair_Outback;https://starwars.fandom.com/wiki/Jodaka_system;O-9;1332
Star;;Inner Rim;Orus sector;;Joiol system ;Joiol;185.894;101.008;;http://starwars.wikia.com/wiki/Joiol;http://starwars.wikia.com/wiki/Inner_Rim;https://starwars.fandom.com/wiki/Orus_sector;https://starwars.fandom.com/wiki/Joiol_system;M-8;1238
Star;;Inner Rim, The Slice;Hapes Cluster, Interior Region;;Jovaria system ;Jovaria;350.811;51.355;;http://starwars.wikia.com/wiki/Jovaria;http://starwars.wikia.com/wiki/Inner_Rim, https://starwars.fandom.com/wiki/The_Slice/Legends;https://starwars.fandom.com/wiki/Hapes_Cluster,https://starwars.fandom.com/wiki/Interior_Region;https://starwars.fandom.com/wiki/Jovaria_system;O-9;1357
Star;;Inner Rim;Hapes Cluster;;K'Farri system ;k'Farri;347.496;42.348;;http://starwars.wikia.com/wiki/k%27Farri;http://starwars.wikia.com/wiki/Inner_Rim;https://starwars.fandom.com/wiki/Hapes_Cluster;https://starwars.fandom.com/wiki/K%27Farri_system;O-9;1335
Star;;Inner Rim;;;K'taktaxka system;K'taktaxka;-196.267;-467.239;;http://starwars.wikia.com/wiki/K'taktaxka;http://starwars.wikia.com/wiki/Inner_Rim;;https://starwars.fandom.com/wiki/K%27taktaxka_system;J-14;1186
Star;;Inner Rim;Hapes Cluster;;Ket system ;Ket;336.565;52.222;;http://starwars.wikia.com/wiki/Ket;http://starwars.wikia.com/wiki/Inner_Rim;https://starwars.fandom.com/wiki/Hapes_Cluster;https://starwars.fandom.com/wiki/Ket_system;O-9;1317
Star;;Inner Rim;;;Ketal system ;Ketal;7.54;-482.651;;http://starwars.wikia.com/wiki/Ketal;http://starwars.wikia.com/wiki/Inner_Rim;;https://starwars.fandom.com/wiki/Ketal_system;L-14;1222
Star;;Inner Rim;;;Kether system;Dargulli;206.044;-441.964;;http://starwars.wikia.com/wiki/Dargulli;http://starwars.wikia.com/wiki/Inner_Rim;;https://starwars.fandom.com/wiki/Kether_system;N-14;1303
Star;;Inner Rim;;;Kloper system ;Kloper;207.031;37.029;;http://starwars.wikia.com/wiki/Kloper;http://starwars.wikia.com/wiki/Inner_Rim;;https://starwars.fandom.com/wiki/Kloper_system;N-9;1275
Star;;Inner Rim, Trailing Sectors;;;Kooriva system;Kooriva;158.514;-424.394;;http://starwars.wikia.com/wiki/Kooriva;http://starwars.wikia.com/wiki/Inner_Rim, https://starwars.fandom.com/wiki/Trailing_Sectors/Legends;;https://starwars.fandom.com/wiki/Kooriva_system;M-14;1248
Star;;Inner Rim;Anthos Sector;;Korda system ;Korda Six;327.704;145.98;;http://starwars.wikia.com/wiki/Korda_Six;http://starwars.wikia.com/wiki/Inner_Rim;https://starwars.fandom.com/wiki/Anthos_sector;https://starwars.fandom.com/wiki/Korda_system;O-8;1306
Star;;Inner Rim, The Slice;Zaric sector;;Korev system;Korev VII;224.604;33.68;;http://starwars.wikia.com/wiki/Korev_VII;http://starwars.wikia.com/wiki/Inner_Rim, https://starwars.fandom.com/wiki/The_Slice/Legends;https://starwars.fandom.com/wiki/Zaric_sector;https://starwars.fandom.com/wiki/Korev_system;N-9;1276
Star;;Inner Rim;Shataum sector ;;Kroctar system;Kroctar;234.216;206.271;;http://starwars.wikia.com/wiki/Kroctar;http://starwars.wikia.com/wiki/Inner_Rim;https://starwars.fandom.com/wiki/Shataum_sector;https://starwars.fandom.com/wiki/Kroctar_system;N-7;1260
Star;;Inner Rim;Ktilac Regions;;Ktil system;Ktil;285.948;87.6;;http://starwars.wikia.com/wiki/Ktil;http://starwars.wikia.com/wiki/Inner_Rim;https://starwars.fandom.com/wiki/Ktilac_Regions;https://starwars.fandom.com/wiki/Ktil_system;N-9;1271
Star;;Inner Rim;;;Laertos system ;Laertos;51.803;-476.455;;http://starwars.wikia.com/wiki/Laertos;http://starwars.wikia.com/wiki/Inner_Rim;;https://starwars.fandom.com/wiki/Laertos_system;L-14;1215
Star;;Inner Rim, The Slice;Hapes Cluster, Interior Region;;Lalmy'ash system ;Lalmy'ash;347.805;52.667;;http://starwars.wikia.com/wiki/Lalmy'ash;http://starwars.wikia.com/wiki/Inner_Rim, https://starwars.fandom.com/wiki/The_Slice/Legends;https://starwars.fandom.com/wiki/Hapes_Cluster,https://starwars.fandom.com/wiki/Interior_Region;https://starwars.fandom.com/wiki/Lalmy%27ash_system;O-9;1354
Star;;Inner Rim;;;Las Lagon system ;Las Lagon;144.551;-391.474;;http://starwars.wikia.com/wiki/Las_Lagon;http://starwars.wikia.com/wiki/Inner_Rim;;https://starwars.fandom.com/wiki/Las_Lagon_system;M-13;1245
Star;;Inner Rim;Hapes Cluster;;Lemmi system;Lemmi VI;351.742;51.778;;https://starwars.fandom.com/wiki/Lemmi_VI;http://starwars.wikia.com/wiki/Inner_Rim;https://starwars.fandom.com/wiki/Hapes_Cluster;https://starwars.fandom.com/wiki/Lemmi_system;O-9;1359
Star;;Inner Rim;Nouane Sector;;Levian system;Levian Two;258.443;192.77;;http://starwars.wikia.com/wiki/Levian_Two;http://starwars.wikia.com/wiki/Inner_Rim;https://starwars.fandom.com/wiki/Nouane_sector;https://starwars.fandom.com/wiki/Levian_system;N-8;1263
Star;;Inner Rim, The Slice;Hapes Cluster, Rifle Worlds;;Lovola system;Lovola;337.641;55.503;;http://starwars.wikia.com/wiki/Lovola;http://starwars.wikia.com/wiki/Inner_Rim, https://starwars.fandom.com/wiki/The_Slice/Legends;https://starwars.fandom.com/wiki/Hapes_Cluster, https://starwars.fandom.com/wiki/Rifle_Worlds;https://starwars.fandom.com/wiki/Lovola_system;O-9;1318
Star;;Inner Rim, Transitory Mists;Hapes Cluster;;Maad system;Shedu Maad;358.38;59.51;;http://starwars.wikia.com/wiki/Shedu_Maad;http://starwars.wikia.com/wiki/Inner_Rim;https://starwars.fandom.com/wiki/Hapes_Cluster, https://starwars.fandom.com/wiki/Transitory_Mists;https://starwars.fandom.com/wiki/Maad_system;O-9;1339
Star;;Inner Rim, Transitory Mists;Hapes Cluster;;Maires system;Maires;337.923;57.267;;http://starwars.wikia.com/wiki/Maires;http://starwars.wikia.com/wiki/Inner_Rim, https://starwars.fandom.com/wiki/Transitory_Mists;https://starwars.fandom.com/wiki/Hapes_Cluster;https://starwars.fandom.com/wiki/Maires_system;O-9;1319
Star;;Inner Rim;;;Manress system;Manress;291.738;26.375;;http://starwars.wikia.com/wiki/Manress;http://starwars.wikia.com/wiki/Inner_Rim;;https://starwars.fandom.com/wiki/Manress_system;N-9;1280
Star;;Inner Rim;Orus sector;;Mantessa system;Mantessa;157.556;127.951;;http://starwars.wikia.com/wiki/Mantessa;http://starwars.wikia.com/wiki/Inner_Rim;https://starwars.fandom.com/wiki/Orus_sector;https://starwars.fandom.com/wiki/Mantessa_system;M-8;1232
Star;;Inner Rim;;;Mattri system;Mattri;347.933;-90.097;;http://starwars.wikia.com/wiki/Mattri_system;http://starwars.wikia.com/wiki/Inner_Rim;;https://starwars.fandom.com/wiki/Mattri_system;O-10;1484
Star;;Inner Rim;;;Meastrinnar system;Meastrinnar;-94.314;142.095;;http://starwars.wikia.com/wiki/Meastrinnar;http://starwars.wikia.com/wiki/Inner_Rim;;https://starwars.fandom.com/wiki/Meastrinnar_system;K-8;1193
Star;;Inner Rim;;Mechis;Mechis system;Mechis III;92.767;-466.284;;http://starwars.wikia.com/wiki/Mechis_III;http://starwars.wikia.com/wiki/Inner_Rim;;https://starwars.fandom.com/wiki/Mechis_system;L-14;1211
Star;;Inner Rim;Stenness Node ;;Merson system;Merson;367.379;-36.505;;http://starwars.wikia.com/wiki/Merson;http://starwars.wikia.com/wiki/Inner_Rim;https://starwars.fandom.com/wiki/Stenness_Node;https://starwars.fandom.com/wiki/Merson_system;O-10;1481
Star;;Inner Rim;Hapes Cluster;;Millinar system;Millinar;347.636;53.57;;http://starwars.wikia.com/wiki/Millinar;http://starwars.wikia.com/wiki/Inner_Rim;https://starwars.fandom.com/wiki/Hapes_Cluster;https://starwars.fandom.com/wiki/Millinar_system;O-9;1353
Star;;Inner Rim;;;Mindabaal system (assumed);Mindabaal;-160.018;-374.028;;http://starwars.wikia.com/wiki/Mindabaal;http://starwars.wikia.com/wiki/Inner_Rim;;;J-13;1185
Star;;Inner Rim, The Slice;Hapes Cluster, Rifle Worlds;;Modus system;Modus;339.951;58.872;;http://starwars.wikia.com/wiki/Modus;http://starwars.wikia.com/wiki/Inner_Rim, https://starwars.fandom.com/wiki/The_Slice/Legends;https://starwars.fandom.com/wiki/Hapes_Cluster, https://starwars.fandom.com/wiki/Rifle_Worlds;https://starwars.fandom.com/wiki/Modus_system;O-9;1321
Star;;Inner Rim;Airon Sector;;Mokk system;Mokk IX;285.7;-52.092;;http://starwars.wikia.com/wiki/Mokk_IX;http://starwars.wikia.com/wiki/Inner_Rim;https://starwars.fandom.com/wiki/Airon_sector;https://starwars.fandom.com/wiki/Mokk_system;N-10;1285
Star;;Inner Rim;;;Moorja system;Moorja;75.753;-515.478;;http://starwars.wikia.com/wiki/Moorja;http://starwars.wikia.com/wiki/Inner_Rim;;https://starwars.fandom.com/wiki/Moorja_system;L-15;1225
Star;// yellow-orange star;Inner Rim;;Myrkr;Myrkr system;Myrkr;268.516;229.308;;http://starwars.wikia.com/wiki/Myrkr;http://starwars.wikia.com/wiki/Inner_Rim;;https://starwars.fandom.com/wiki/Myrkr_system;N-7;1257
Star;;Inner Rim;Hapes Cluster, Corsair Outback;;Nantuker system;Nantuker;344.092;44.87;;http://starwars.wikia.com/wiki/Nantuker;http://starwars.wikia.com/wiki/Inner_Rim;https://starwars.fandom.com/wiki/Hapes_Cluster, https://starwars.fandom.com/wiki/Corsair_Outback;https://starwars.fandom.com/wiki/Nantuker_system;O-9;1334
Star;;Inner Rim;;;Neshtab system;Neshtab;-91.848;152.452;;http://starwars.wikia.com/wiki/Neshtab;http://starwars.wikia.com/wiki/Inner_Rim;;https://starwars.fandom.com/wiki/Neshtab_system;K-8;1191
Star;F4 IV;Inner Rim;Jaso Sector;;Norah system;Norah;74.92;-421.712;;http://starwars.wikia.com/wiki/Norah;http://starwars.wikia.com/wiki/Inner_Rim;https://starwars.fandom.com/wiki/Jaso_sector;https://starwars.fandom.com/wiki/Norah_system;L-14;1210
Star;G9 V;Inner Rim;Nouane ;;Nouane system;Nouane;203.298;193.543;;http://starwars.wikia.com/wiki/Nouane;http://starwars.wikia.com/wiki/Inner_Rim;https://starwars.fandom.com/wiki/Nouane_(Allied_Region);https://starwars.fandom.com/wiki/Nouane_system/Legends;N-8;1261
Star;;Inner Rim, The Slice;Hapes Cluster, Interior Region;;Novi system;Novi;345.745;54.488;;http://starwars.wikia.com/wiki/Novi;http://starwars.wikia.com/wiki/Inner_Rim, https://starwars.fandom.com/wiki/The_Slice/Legends;https://starwars.fandom.com/wiki/Hapes_Cluster,https://starwars.fandom.com/wiki/Interior_Region;https://starwars.fandom.com/wiki/Novi_system;O-9;1349
Star;;Inner Rim;;;O'pahz system;Carratos;-90.039;124.998;;http://starwars.wikia.com/wiki/Carratos;http://starwars.wikia.com/wiki/Inner_Rim;;https://starwars.fandom.com/wiki/O%27pahz_system;K-8;1195
Star;"""F9 VI"" // yellow-orange star";Inner Rim;;;Obroa-skai system;Obroa-skai;291.64;175.016;;http://starwars.wikia.com/wiki/Obroa-skai;http://starwars.wikia.com/wiki/Inner_Rim;;https://starwars.fandom.com/wiki/Obroa-skai_system;N-8;1265
Star;"""DC"" // white dwarf";Inner Rim;;;Omonoth system;Omonoth;126.979;106.621;;http://starwars.wikia.com/wiki/Omonoth;http://starwars.wikia.com/wiki/Inner_Rim;;https://starwars.fandom.com/wiki/Omonoth_system;M-8;1230
Star;;Inner Rim;;;Ord Lithone system;Ord Lithone;9.29;162.778;;http://starwars.wikia.com/wiki/Ord_Lithone;http://starwars.wikia.com/wiki/Inner_Rim;;https://starwars.fandom.com/wiki/Ord_Lithone_system;L-8;1201
Star;;Inner Rim;Hapes Cluster;Orelon;Orelon system;Orelon;351.351;64.62;;http://starwars.wikia.com/wiki/Orelon;http://starwars.wikia.com/wiki/Inner_Rim;https://starwars.fandom.com/wiki/Hapes_Cluster;https://starwars.fandom.com/wiki/Orelon_system;O-9;1342
Star;;Inner Rim;;;Pa Tho system;Pa Tho;-55.957;-475.377;;https://starwars.fandom.com/wiki/Pa_Tho;http://starwars.wikia.com/wiki/Inner_Rim;;https://starwars.fandom.com/wiki/Pa_Tho_system;K-14;1197
Star;;Inner Rim;Anthos Sector;;Paonid system;Paonid;321.416;166.138;;http://starwars.wikia.com/wiki/Paonid_system;http://starwars.wikia.com/wiki/Inner_Rim;https://starwars.fandom.com/wiki/Anthos_sector;http://starwars.wikia.com/wiki/Paonid_system;O-8;1304
Star;G9 VI;Inner Rim;;;Paqualis system;Paqualis III;96.032;165.802;;http://starwars.wikia.com/wiki/Paqualis_III;http://starwars.wikia.com/wiki/Inner_Rim;;https://starwars.fandom.com/wiki/Paqualis_system/Legends;L-8;1205
Star;;Inner Rim;;;Patrolia system;Patrolia;6.184;-471.431;;https://starwars.fandom.com/wiki/Patrolia_system;http://starwars.wikia.com/wiki/Inner_Rim;;https://starwars.fandom.com/wiki/Patrolia_system;L-14;1221
Star;;Inner Rim;;;Pavo Prime system;Pavo Prime;265.356;-15.381;;http://starwars.wikia.com/wiki/Pavo_Prime;http://starwars.wikia.com/wiki/Inner_Rim;;https://starwars.fandom.com/wiki/Pavo_Prime_system;N-10;1282
Star;;Inner Rim;Anthos Sector;;Pengalan system;Pengalan IV;332.738;133.465;;http://starwars.wikia.com/wiki/Pengalan;http://starwars.wikia.com/wiki/Inner_Rim;https://starwars.fandom.com/wiki/Anthos_sector;https://starwars.fandom.com/wiki/Pengalan_system;O-8;1307
Star;F8 V;Inner Rim;;;Per Lupelo system;Per Lupelo;87.648;154.336;;http://starwars.wikia.com/wiki/Per_Lupelo;http://starwars.wikia.com/wiki/Inner_Rim;;https://starwars.fandom.com/wiki/Per_Lupelo_system;L-8;1206
Star;K8 IV;Inner Rim;;;Perithal system;Perithal VI;243.533;-330.152;;http://starwars.wikia.com/wiki/Perithal_VI;http://starwars.wikia.com/wiki/Inner_Rim;;https://starwars.fandom.com/wiki/Perithal_system;N-13;1293
Star;;Inner Rim;Nouane ;;Phateem system;Phateem;210.203;184.543;;http://starwars.wikia.com/wiki/Phateem;http://starwars.wikia.com/wiki/Inner_Rim;https://starwars.fandom.com/wiki/Nouane_(Allied_Region);https://starwars.fandom.com/wiki/Phateem_system;N-8;1262
Star;;Inner Rim, The Slice;Hapes Cluster, Gateworlds;;Phelope system;Phelope;348.418;57.919;;https://starwars.fandom.com/wiki/Phelope_system;http://starwars.wikia.com/wiki/Inner_Rim, https://starwars.fandom.com/wiki/The_Slice/Legends;https://starwars.fandom.com/wiki/Hapes_Cluster, https://starwars.fandom.com/wiki/Gateworlds;https://starwars.fandom.com/wiki/Phelope_system;O-9;1331
Star;;Inner Rim;Orus sector;;Poderis system;Poderis;179.626;117.594;;http://starwars.wikia.com/wiki/Poderis;http://starwars.wikia.com/wiki/Inner_Rim;https://starwars.fandom.com/wiki/Orus_sector;https://starwars.fandom.com/wiki/Poderis_system;M-8;1234
Star;// yellow-white star;Inner Rim;Jaso Sector;Polith;Polith system/Thyferra system;Thyferra;65.951;-442.241;;http://starwars.wikia.com/wiki/Thyferra;http://starwars.wikia.com/wiki/Inner_Rim;https://starwars.fandom.com/wiki/Jaso_sector;https://starwars.fandom.com/wiki/Polith_system;L-14;1217
Star;;Inner Rim;;;Porus Vida system;Porus Vida;385.484;37.137;;http://starwars.wikia.com/wiki/Porus_Vida;http://starwars.wikia.com/wiki/Inner_Rim;;https://starwars.fandom.com/wiki/Porus_Vida_system;O-9;1368
StarBarycenter;;Inner Rim;Antar and Prindaar;;Prindaar system/Antar system;Antar;282.833;-210.402;;http://starwars.wikia.com/wiki/Antar;http://starwars.wikia.com/wiki/Inner_Rim;;https://starwars.fandom.com/wiki/Prindaar_system/Legends;N-12;1287
Star;"""G4 V"" // yellow-white star - 1 luminosity class (V) and temperature level (3 = cooler than sun) are arbitrary";Inner Rim;;Pyrshak;Pyrshak system;Manaan;317.972;-144.193;;http://starwars.wikia.com/wiki/Manaan;http://starwars.wikia.com/wiki/Inner_Rim;;https://starwars.fandom.com/wiki/Pyrshak_system;O-11;1487
Star;;Inner Rim;;;Quarzite system;Quarzite;189.691;-370.86;;http://starwars.wikia.com/wiki/Quarzite;http://starwars.wikia.com/wiki/Inner_Rim;;https://starwars.fandom.com/wiki/Quarzite_system;M-13;2115
Star;;Inner Rim;;;Rafft system;Rafft;-135.96;163.457;;https://starwars.fandom.com/wiki/Rafft;http://starwars.wikia.com/wiki/Inner_Rim;;https://starwars.fandom.com/wiki/Rafft_system;J-8;3979
Star;;Inner Rim;Hapes Cluster, Hapan Rim Worlds;;Rainboh system;Rainboh;356.007;63.534;;http://starwars.wikia.com/wiki/Rainboh;http://starwars.wikia.com/wiki/Inner_Rim;https://starwars.fandom.com/wiki/Hapes_Cluster, https://starwars.fandom.com/wiki/Hapan_Rim_Worlds;https://starwars.fandom.com/wiki/Rainboh_system;O-9;1344
Star;;Inner Rim;Airon Sector;;Rasterous system;Rasterous;306.691;-90.745;;http://starwars.wikia.com/wiki/Rasterous;http://starwars.wikia.com/wiki/Inner_Rim;https://starwars.fandom.com/wiki/Airon_sector;https://starwars.fandom.com/wiki/Rasterous_system;O-10;1485
Star;;Inner Rim, The Slice;Hapes Cluster, Interior Region;;Rbollea system ;Rbollea;352.165;55.264;;https://starwars.fandom.com/wiki/Rbollea_system;http://starwars.wikia.com/wiki/Inner_Rim, https://starwars.fandom.com/wiki/The_Slice/Legends;https://starwars.fandom.com/wiki/Hapes_Cluster, https://starwars.fandom.com/wiki/Rifle_Worlds;https://starwars.fandom.com/wiki/Rbollea_system;O-9;1367
Star;;Inner Rim, Transitory Mists;Hapes Cluster;;Reboam system;Reboam;360.144;53.672;;http://starwars.wikia.com/wiki/Reboam;http://starwars.wikia.com/wiki/Inner_Rim;https://starwars.fandom.com/wiki/Hapes_Cluster, https://starwars.fandom.com/wiki/Transitory_Mists;https://starwars.fandom.com/wiki/Reboam_system;O-9;1338
Star;;Inner Rim;;;Reecee system;Reecee;-133.549;104.613;;http://starwars.wikia.com/wiki/Reecee;http://starwars.wikia.com/wiki/Inner_Rim;;https://starwars.fandom.com/wiki/Reecee_system;J-8;1179
Star;;Inner Rim;Anthos Sector;;Relatta system ;Relatta;224.27;113.214;;http://starwars.wikia.com/wiki/Relatta_system;http://starwars.wikia.com/wiki/Inner_Rim;https://starwars.fandom.com/wiki/Anthos_sector;https://starwars.fandom.com/wiki/Relatta_system;N-8;1269
Star;;Inner Rim, Transitory Mists;Hapes Cluster;;Relephon system;Relephon;344.273;55.979;;http://starwars.wikia.com/wiki/Relephon;http://starwars.wikia.com/wiki/Inner_Rim;https://starwars.fandom.com/wiki/Hapes_Cluster, https://starwars.fandom.com/wiki/Transitory_Mists;https://starwars.fandom.com/wiki/Relephon_system;O-9;1324
Star;;Inner Rim, Trailing Sectors;;;Renillis system;Renillis;89.438;-479.599;;http://starwars.wikia.com/wiki/Renillis_system;http://starwars.wikia.com/wiki/Inner_Rim, https://starwars.fandom.com/wiki/Trailing_Sectors/Legends;;https://starwars.fandom.com/wiki/Renillis_system;L-14;1212
Star;;Inner Rim;;;Rondai system;Rondai-2;-127.631;172.782;;https://starwars.fandom.com/wiki/Rondai-2;http://starwars.wikia.com/wiki/Inner_Rim;;https://starwars.fandom.com/wiki/Rondai_system;J-8;1180
Star;G8 V;Inner Rim;;;Ronyards system;Ronyards;230.864;-350.681;;http://starwars.wikia.com/wiki/Ronyards;http://starwars.wikia.com/wiki/Inner_Rim;;https://starwars.fandom.com/wiki/Ronyards_system;N-13;1296
Location;O4 III;Inner Rim;Hapes Cluster;;Roqoo Depot (location);Roqoo Depot;362.227;62.382;;http://starwars.wikia.com/wiki/Roqoo_Depot;http://starwars.wikia.com/wiki/Inner_Rim;https://starwars.fandom.com/wiki/Hapes_Cluster;;O-9;1345
Star;;Inner Rim, Trailing Sectors;;;Roundtree system;Roundtree;136.136;-466.653;;http://starwars.wikia.com/wiki/Roundtree_system;http://starwars.wikia.com/wiki/Inner_Rim, https://starwars.fandom.com/wiki/Trailing_Sectors/Legends;;http://starwars.wikia.com/wiki/Roundtree_system;M-14;1252
Star;;Inner Rim;Hapes Cluster;;Rynmar system;Rynmar;353.594;62.461;;http://starwars.wikia.com/wiki/Rynmar;http://starwars.wikia.com/wiki/Inner_Rim;https://starwars.fandom.com/wiki/Hapes_Cluster;https://starwars.fandom.com/wiki/Rynmar_system;O-9;1343
Star;;Inner Rim;;;Sagar system;Sagar;230.124;-335.608;;http://starwars.wikia.com/wiki/Sagar_system;http://starwars.wikia.com/wiki/Inner_Rim;;http://starwars.wikia.com/wiki/Sagar_system;N-13;1294
Star;;Inner Rim, The Slice;Hapes Cluster, Gateworlds;;Sargon system;Sargon;342.862;60.565;;https://starwars.fandom.com/wiki/Sargon_system;https://starwars.fandom.com/wiki/Rbollea_system;https://starwars.fandom.com/wiki/Hapes_Cluster, https://starwars.fandom.com/wiki/Gateworlds;https://starwars.fandom.com/wiki/Sargon_system;O-9;1328
Star;;Inner Rim, Transitory Mists;Hapes Cluster;;Selab system;Selab;349.343;51.609;;http://starwars.wikia.com/wiki/Selab;http://starwars.wikia.com/wiki/Inner_Rim;https://starwars.fandom.com/wiki/Hapes_Cluster, https://starwars.fandom.com/wiki/Transitory_Mists;https://starwars.fandom.com/wiki/Selab_system;O-9;1356
Star;;Inner Rim, The Slice;Hapes Cluster, Lorelli Reach;;Sennex system;Sennex;335.171;48.359;;https://starwars.fandom.com/wiki/Sennex_system;http://starwars.wikia.com/wiki/Inner_Rim, https://starwars.fandom.com/wiki/The_Slice/Legends;https://starwars.fandom.com/wiki/Hapes_Cluster, https://starwars.fandom.com/wiki/Lorelli_Reach;https://starwars.fandom.com/wiki/Sennex_system;O-9;1315
Star;;Inner Rim;;;Shalam system;Shalam;187.023;205.01;;http://starwars.wikia.com/wiki/Shalam;http://starwars.wikia.com/wiki/Inner_Rim;;https://starwars.fandom.com/wiki/Shalam_system/Legends;M-7;1228
Cluster;;Inner Rim;;;Shasfath Cluster;;-185.786;-457.006;;https://starwars.fandom.com/wiki/Shasfath_Cluster;http://starwars.wikia.com/wiki/Inner_Rim;;;J-14;1187
Star;;Inner Rim;;;Shasfath Cluster system (assumed);;-185.786;-457.006;;https://starwars.fandom.com/wiki/Shasfath_Cluster;http://starwars.wikia.com/wiki/Inner_Rim;;;J-14;1187
Star;;Inner Rim;;;Shibric system;Shibric;235.173;-437.248;;http://starwars.wikia.com/wiki/Shibric;http://starwars.wikia.com/wiki/Inner_Rim;;https://starwars.fandom.com/wiki/Shibric_system;N-14;1302
Star;;Inner Rim;Airon Sector;;Sistooine system;Telti;286.902;-6.966;;http://starwars.wikia.com/wiki/Telti;http://starwars.wikia.com/wiki/Inner_Rim;https://starwars.fandom.com/wiki/Airon_sector;https://starwars.fandom.com/wiki/Sistooine_system;N-10;1283
Star;;Inner Rim;Hapes Cluster;;Sivoria system;Sivoria;345.575;52.695;;http://starwars.wikia.com/wiki/Sivoria;http://starwars.wikia.com/wiki/Inner_Rim;https://starwars.fandom.com/wiki/Hapes_Cluster;https://starwars.fandom.com/wiki/Sivoria_system;O-9;1347
Star;;Inner Rim;;;Sochi system;Sochi;193.292;64.667;;http://starwars.wikia.com/wiki/Sochi;http://starwars.wikia.com/wiki/Inner_Rim;;https://starwars.fandom.com/wiki/Sochi_system;M-9;1241
Star;;Inner Rim;;;Spirana system;Spirana;257.126;-343.561;;http://starwars.wikia.com/wiki/Spirana;http://starwars.wikia.com/wiki/Inner_Rim;;https://starwars.fandom.com/wiki/Spirana/Legends;N-13;1295
Star;;Inner Rim;Hapes Cluster;;Stalsinek system ;Stalsinek IV;341.736;46.971;;https://starwars.fandom.com/wiki/Stalsinek_IV;http://starwars.wikia.com/wiki/Inner_Rim;https://starwars.fandom.com/wiki/Hapes_Cluster;https://starwars.fandom.com/wiki/Stalsinek_system;O-9;1333
Star;;Inner Rim;Airon Sector;;Stenness system;Kamsul;320.582;-37.073;;https://starwars.fandom.com/wiki/Kamsul;http://starwars.wikia.com/wiki/Inner_Rim;https://starwars.fandom.com/wiki/Airon_sector;https://starwars.fandom.com/wiki/Stenness_system;O-10;3241
Star;;Inner Rim;;;Sukkult system;Sukkult;90.548;-497.631;;http://starwars.wikia.com/wiki/Sukkult;http://starwars.wikia.com/wiki/Inner_Rim;;https://starwars.fandom.com/wiki/Sukkult_system;L-14;1214
Star;K1 V;Inner Rim;;Tive;Taanab system;Taanab;353.359;110.162;;http://starwars.wikia.com/wiki/Taanab;http://starwars.wikia.com/wiki/Inner_Rim;;https://starwars.fandom.com/wiki/Taanab_system/Legends;O-8;1309
Star;;Inner Rim;;Tala ;Tala system;Tala 9;209.474;60.043;;https://starwars.fandom.com/wiki/Tala_9;http://starwars.wikia.com/wiki/Inner_Rim;;https://starwars.fandom.com/wiki/Tala_system;N-9;1273
Star;;Inner Rim, The Slice;Hapes Cluster, Interior Region;;Talcharaim system;Talcharaim;345.801;51.708;;http://starwars.wikia.com/wiki/Talcharaim;http://starwars.wikia.com/wiki/Inner_Rim, https://starwars.fandom.com/wiki/The_Slice/Legends;https://starwars.fandom.com/wiki/Hapes_Cluster, https://starwars.fandom.com/wiki/Rifle_Worlds;https://starwars.fandom.com/wiki/Talcharaim_system;O-9;1346
StarBarycenter;;Inner Rim;;// Centis Major and Renaant;Tantara system;Tantara;?;?;;https://starwars.fandom.com/wiki/Tantara_system;http://starwars.wikia.com/wiki/Inner_Rim;;https://starwars.fandom.com/wiki/Tantara_system;K-8;
Star;;Inner Rim;;Gyrlat;Tasar system;Tasariq;-160.881;-417.305;;http://starwars.wikia.com/wiki/Tasariq;http://starwars.wikia.com/wiki/Inner_Rim;;https://starwars.fandom.com/wiki/Tasar_system;J-14;1190
Star;;Inner Rim;;Taspan;Taspan system;Mindor;134.253;147.061;;http://starwars.wikia.com/wiki/Mindor;http://starwars.wikia.com/wiki/Inner_Rim;;https://starwars.fandom.com/wiki/Taspan_system;M-8;1231
Star;;Inner Rim;Jaso Sector;;Tauber system;Tauber;74.273;-456.944;;http://starwars.wikia.com/wiki/Tauber;http://starwars.wikia.com/wiki/Inner_Rim;https://starwars.fandom.com/wiki/Jaso_sector;https://starwars.fandom.com/wiki/Tauber_system;L-14;1216
Star;B2 III // blue giant star;Inner Rim, The Slice;Inner Cluster;Teke Ro ;Teke Ro system;Cona;326.942;-120.151;;http://starwars.wikia.com/wiki/Cona;http://starwars.wikia.com/wiki/Inner_Rim, https://starwars.fandom.com/wiki/The_Slice/Legends;https://starwars.fandom.com/wiki/Inner_Cluster;https://starwars.fandom.com/wiki/Teke_Ro_system;O-11;1486
Star;;Inner Rim;Nouane Sector;;Telerath system;Telerath;223.766;210.709;;http://starwars.wikia.com/wiki/Telerath;http://starwars.wikia.com/wiki/Inner_Rim;https://starwars.fandom.com/wiki/Nouane_sector;https://starwars.fandom.com/wiki/Telerath_system;N-7;1259
Location;;Inner Rim;Hapes Cluster;;Telkur Station;;336.289;41.925;;http://starwars.wikia.com/wiki/Telkur_Station;http://starwars.wikia.com/wiki/Inner_Rim;https://starwars.fandom.com/wiki/Hapes_Cluster;;O-9;1312
Star;;Inner Rim;Hapes Cluster;;Terephon system;Terephon;355.857;60.78;;http://starwars.wikia.com/wiki/Terephon;http://starwars.wikia.com/wiki/Inner_Rim;https://starwars.fandom.com/wiki/Hapes_Cluster;https://starwars.fandom.com/wiki/Terephon_system;O-9;1340
Star;;Inner Rim, The Slice;Hapes Cluster, Interior Region;;Theselon system;Theselon;347.763;54.586;;https://starwars.fandom.com/wiki/Theselon_system;http://starwars.wikia.com/wiki/Inner_Rim, https://starwars.fandom.com/wiki/The_Slice/Legends;https://starwars.fandom.com/wiki/Hapes_Cluster, https://starwars.fandom.com/wiki/Rifle_Worlds;https://starwars.fandom.com/wiki/Theselon_system;O-9;1352
Star;;Inner Rim;Hapes Cluster;;Thrakia system;Thrakia;351.714;50.762;;http://starwars.wikia.com/wiki/Thrakia;http://starwars.wikia.com/wiki/Inner_Rim;https://starwars.fandom.com/wiki/Hapes_Cluster;https://starwars.fandom.com/wiki/Thrakia_system;O-9;1358
Star;;Inner Rim, The Slice;Hapes Cluster, Interior Region;;Tinta system;Tinta;351.657;55.687;;https://starwars.fandom.com/wiki/Tinta_system;http://starwars.wikia.com/wiki/Inner_Rim, https://starwars.fandom.com/wiki/The_Slice/Legends;https://starwars.fandom.com/wiki/Hapes_Cluster, https://starwars.fandom.com/wiki/Rifle_Worlds;https://starwars.fandom.com/wiki/Tinta_system;O-9;1366
Star;;Inner Rim;Zeemacht Cluster ;Tirahnn;Tirahnn system;Tirahnn;262.46;119.502;;http://starwars.wikia.com/wiki/Tirahnn;http://starwars.wikia.com/wiki/Inner_Rim;https://starwars.fandom.com/wiki/Zeemacht_Cluster;https://starwars.fandom.com/wiki/Tirahnn_system;N-8;1268
Star;;Inner Rim, Trailing Sectors;Jaso Sector;;Tomo-Reth system;Tomo-Reth;85.092;-405.807;;http://starwars.wikia.com/wiki/Tomo-Reth;http://starwars.wikia.com/wiki/Inner_Rim, https://starwars.fandom.com/wiki/Trailing_Sectors/Legends;https://starwars.fandom.com/wiki/Jaso_sector;https://starwars.fandom.com/wiki/Tomo-Reth_system;L-14;1209
Star;;Inner Rim;;;Trevura system;Trevura;-68.287;-471.431;;http://starwars.wikia.com/wiki/Trevura;http://starwars.wikia.com/wiki/Inner_Rim;;https://starwars.fandom.com/wiki/Trevura_system;K-14;1198
Star;;Inner Rim;;;Truuine system;Truuine;305.026;-186.175;;http://starwars.wikia.com/wiki/Truuine;http://starwars.wikia.com/wiki/Inner_Rim;;https://starwars.fandom.com/wiki/Truuine_system;O-11;1488
Star;;Inner Rim, The Slice;Hapes Cluster, Interior Region;;Tumani system;Tumani;350.698;56.11;;https://starwars.fandom.com/wiki/Tumani_system;http://starwars.wikia.com/wiki/Inner_Rim, https://starwars.fandom.com/wiki/The_Slice/Legends;https://starwars.fandom.com/wiki/Hapes_Cluster, https://starwars.fandom.com/wiki/Rifle_Worlds;https://starwars.fandom.com/wiki/Tumani_system;O-9;1365
Star;;Inner Rim;;;Ukatis system;Ukatis;32.014;-515.571;;http://starwars.wikia.com/wiki/Ukatis;http://starwars.wikia.com/wiki/Inner_Rim;;https://starwars.fandom.com/wiki/Ukatis_system;L-15;1227
Star;;Inner Rim, Northern Dependencies;;;Uphrades system;Uphrades;171.34;175.131;;http://starwars.wikia.com/wiki/Uphrades;http://starwars.wikia.com/wiki/Inner_Rim, https://starwars.fandom.com/wiki/Northern_Dependencies;;https://starwars.fandom.com/wiki/Uphrades_system;M-8;2099
Star;;Inner Rim;Hapes Cluster;;Ut system;Ut;350.387;52.625;;http://starwars.wikia.com/wiki/Ut;http://starwars.wikia.com/wiki/Inner_Rim;https://starwars.fandom.com/wiki/Hapes_Cluster;https://starwars.fandom.com/wiki/Ut_system;O-9;1361
Star;;Inner Rim;;;Vaklin system;Vaklin;190.232;-472.387;;http://starwars.wikia.com/wiki/Vaklin;http://starwars.wikia.com/wiki/Inner_Rim;;https://starwars.fandom.com/wiki/Vaklin_system;M-14;1251
Star;;Inner Rim;Jaso Sector;;Vanik system;Vanik;39.09;-415.497;;http://starwars.wikia.com/wiki/Vanik_system;http://starwars.wikia.com/wiki/Inner_Rim;https://starwars.fandom.com/wiki/Jaso_sector;https://starwars.fandom.com/wiki/Vanik_system;L-14;1218
Star;;Inner Rim;Callia sector ;Vaxal;Vaxal system;Ord Vaxal;257.588;-376.943;;http://starwars.wikia.com/wiki/Ord_Vaxal;http://starwars.wikia.com/wiki/Inner_Rim;https://starwars.fandom.com/wiki/Callia_sector;https://starwars.fandom.com/wiki/Vaxal_system;N-13;1298
Star;;Inner Rim, Transitory Mists;Hapes Cluster;;Vergill system;Vergill;338.487;58.166;;http://starwars.wikia.com/wiki/Vergill;http://starwars.wikia.com/wiki/Inner_Rim, https://starwars.fandom.com/wiki/Transitory_Mists;https://starwars.fandom.com/wiki/Hapes_Cluster;https://starwars.fandom.com/wiki/Vergill_system;O-9;1320
Star;;Inner Rim, The Slice;;;Virujansi system;Virujansi;369.413;-52.503;;http://starwars.wikia.com/wiki/Virujansi;http://starwars.wikia.com/wiki/Inner_Rim, https://starwars.fandom.com/wiki/The_Slice/Legends;https://starwars.fandom.com/wiki/Airon_sector;https://starwars.fandom.com/wiki/Virujansi_system;O-10;1482
Star;;Inner Rim;;;Voltare system;Voltare;-93.82;135.683;;http://starwars.wikia.com/wiki/Voltare;http://starwars.wikia.com/wiki/Inner_Rim;;https://starwars.fandom.com/wiki/Voltare_system;K-8;1194
Star;;Inner Rim, The Slice;;;Vorsia system;Vorsia;234.868;21.844;;http://starwars.wikia.com/wiki/Vorsia_system;http://starwars.wikia.com/wiki/Inner_Rim, https://starwars.fandom.com/wiki/The_Slice/Legends;;http://starwars.wikia.com/wiki/Vorsia_system;N-9;1277
Star;;Inner Rim;Darlonn sector;;Vurdon Ka system;Vurdon Ka;169.022;94.414;;http://starwars.wikia.com/wiki/Vurdon_Ka;http://starwars.wikia.com/wiki/Inner_Rim;https://starwars.fandom.com/wiki/Darlonn_sector;https://starwars.fandom.com/wiki/Vurdon_Ka_system;M-9;1239
Star;;Inner Rim;Seventh Security Zone;;Walalla system;Walalla;-154.839;-395.851;;http://starwars.wikia.com/wiki/Walalla;http://starwars.wikia.com/wiki/Inner_Rim;https://starwars.fandom.com/wiki/Seventh_Security_Zone;https://starwars.fandom.com/wiki/Walalla_system;J-13;1183
Star;;Inner Rim, The Slice;Hapes Cluster, Rifle Worlds;;Wodan system;Wodan;343.55;55.115;;https://starwars.fandom.com/wiki/Wodan_system;http://starwars.wikia.com/wiki/Inner_Rim, https://starwars.fandom.com/wiki/The_Slice/Legends;https://starwars.fandom.com/wiki/Hapes_Cluster, https://starwars.fandom.com/wiki/Rifle_Worlds;https://starwars.fandom.com/wiki/Wodan_system;O-9;1325
Star;;Inner Rim;;;Wroona system;Wroona;97.298;-517.513;;http://starwars.wikia.com/wiki/Wroona;http://starwars.wikia.com/wiki/Inner_Rim;;https://starwars.fandom.com/wiki/Wroona_system;L-15;1223
Star;;Inner Rim;;;Xeron system;Xeron;133.824;-479.784;;http://starwars.wikia.com/wiki/Xeron;http://starwars.wikia.com/wiki/Inner_Rim;;https://starwars.fandom.com/wiki/Xeron_system;M-14;1254
Star;;Inner Rim;;;Yag'Dhul system;Yag'Dhul;86.479;-489.864;;http://starwars.wikia.com/wiki/Yag%27Dhul;http://starwars.wikia.com/wiki/Inner_Rim;;https://starwars.fandom.com/wiki/Yag%27Dhul_system;L-14;1213
Star;;Inner Rim;;;Yn system;Yn;-38.942;-421.127;;http://starwars.wikia.com/wiki/Yn;http://starwars.wikia.com/wiki/Inner_Rim;;https://starwars.fandom.com/wiki/Yn_system;K-14;1199
Star;;Inner Rim, The Slice;Hapes Cluster, Gateworlds;;Zadaria system;Zadaria;348.453;58.854;;http://starwars.wikia.com/wiki/Zadaria;http://starwars.wikia.com/wiki/Inner_Rim, https://starwars.fandom.com/wiki/The_Slice/Legends;https://starwars.fandom.com/wiki/Hapes_Cluster, https://starwars.fandom.com/wiki/Gateworlds;https://starwars.fandom.com/wiki/Zadaria_system;O-9;1330
Star;;Inner Rim, The Slice;Hapes Cluster, Hapan Rim Worlds;;Zalori system;Zalori;355.628;61.451;;http://starwars.wikia.com/wiki/Zalori;http://starwars.wikia.com/wiki/Inner_Rim, https://starwars.fandom.com/wiki/The_Slice/Legends;https://starwars.fandom.com/wiki/Hapes_Cluster, https://starwars.fandom.com/wiki/Hapan_Rim_Worlds;https://starwars.fandom.com/wiki/Zalori_system;O-9;1341
Cluster;;Inner Rim;;;Zeemacht Cluster ;;262.46;119.502;;https://starwars.fandom.com/wiki/Zeemacht_Cluster;;;https://starwars.fandom.com/wiki/Zeemacht_Cluster;N-8;
Star;;Inner Rim;;Zel ;Zel system/Zeltros system;Zeltros;353.019;-69.569;;http://starwars.wikia.com/wiki/Zeltros;http://starwars.wikia.com/wiki/Inner_Rim;;https://starwars.fandom.com/wiki/Zel_system;O-10;1483
